group,individual,sample,strain,titre
1,1,2000,1968,NA
1,1,2000,1969,NA
1,1,2000,1970,NA
1,1,2000,1971,NA
1,1,2000,1972,NA
1,1,2000,1973,NA
1,1,2000,1974,NA
1,1,2000,1975,NA
1,1,2000,1976,NA
1,1,2000,1977,NA
1,1,2000,1978,NA
1,1,2000,1979,NA
1,1,2000,1980,NA
1,1,2000,1981,NA
1,1,2000,1982,NA
1,1,2000,1983,NA
1,1,2000,1984,NA
1,1,2000,1985,NA
1,1,2000,1986,NA
1,1,2000,1987,NA
1,1,2000,1988,NA
1,1,2000,1989,NA
1,1,2000,1990,NA
1,1,2000,1991,NA
1,1,2000,1992,NA
1,1,2000,1993,NA
1,1,2000,1994,NA
1,1,2000,1995,NA
1,1,2000,1996,NA
1,1,2000,1997,NA
1,1,2000,1998,NA
1,1,2000,1999,NA
1,1,2000,2000,NA
1,1,2000,2001,NA
1,1,2000,2002,NA
1,1,2000,2003,NA
1,1,2000,2004,NA
1,1,2000,2005,NA
1,1,2000,2006,NA
1,1,2000,2007,NA
1,1,2000,2008,NA
1,1,2000,2009,NA
1,1,2000,2010,NA
1,1,2000,2011,NA
1,1,2000,2012,NA
1,1,2001,1968,NA
1,1,2001,1969,NA
1,1,2001,1970,NA
1,1,2001,1971,NA
1,1,2001,1972,NA
1,1,2001,1973,NA
1,1,2001,1974,NA
1,1,2001,1975,NA
1,1,2001,1976,NA
1,1,2001,1977,NA
1,1,2001,1978,NA
1,1,2001,1979,NA
1,1,2001,1980,NA
1,1,2001,1981,NA
1,1,2001,1982,NA
1,1,2001,1983,NA
1,1,2001,1984,NA
1,1,2001,1985,NA
1,1,2001,1986,NA
1,1,2001,1987,NA
1,1,2001,1988,NA
1,1,2001,1989,NA
1,1,2001,1990,NA
1,1,2001,1991,NA
1,1,2001,1992,NA
1,1,2001,1993,NA
1,1,2001,1994,NA
1,1,2001,1995,NA
1,1,2001,1996,NA
1,1,2001,1997,NA
1,1,2001,1998,NA
1,1,2001,1999,NA
1,1,2001,2000,NA
1,1,2001,2001,NA
1,1,2001,2002,NA
1,1,2001,2003,NA
1,1,2001,2004,NA
1,1,2001,2005,NA
1,1,2001,2006,NA
1,1,2001,2007,NA
1,1,2001,2008,NA
1,1,2001,2009,NA
1,1,2001,2010,NA
1,1,2001,2011,NA
1,1,2001,2012,NA
1,1,2002,1968,NA
1,1,2002,1969,NA
1,1,2002,1970,NA
1,1,2002,1971,NA
1,1,2002,1972,NA
1,1,2002,1973,NA
1,1,2002,1974,NA
1,1,2002,1975,NA
1,1,2002,1976,NA
1,1,2002,1977,NA
1,1,2002,1978,NA
1,1,2002,1979,NA
1,1,2002,1980,NA
1,1,2002,1981,NA
1,1,2002,1982,NA
1,1,2002,1983,NA
1,1,2002,1984,NA
1,1,2002,1985,NA
1,1,2002,1986,NA
1,1,2002,1987,NA
1,1,2002,1988,NA
1,1,2002,1989,NA
1,1,2002,1990,NA
1,1,2002,1991,NA
1,1,2002,1992,NA
1,1,2002,1993,NA
1,1,2002,1994,NA
1,1,2002,1995,NA
1,1,2002,1996,NA
1,1,2002,1997,NA
1,1,2002,1998,NA
1,1,2002,1999,NA
1,1,2002,2000,NA
1,1,2002,2001,NA
1,1,2002,2002,NA
1,1,2002,2003,NA
1,1,2002,2004,NA
1,1,2002,2005,NA
1,1,2002,2006,NA
1,1,2002,2007,NA
1,1,2002,2008,NA
1,1,2002,2009,NA
1,1,2002,2010,NA
1,1,2002,2011,NA
1,1,2002,2012,NA
1,1,2003,1968,0
1,1,2003,1969,0
1,1,2003,1970,2
1,1,2003,1971,3
1,1,2003,1972,1
1,1,2003,1973,0
1,1,2003,1974,0
1,1,2003,1975,0
1,1,2003,1976,0
1,1,2003,1977,0
1,1,2003,1978,1
1,1,2003,1979,4
1,1,2003,1980,0
1,1,2003,1981,3
1,1,2003,1982,4
1,1,2003,1983,4
1,1,2003,1984,1
1,1,2003,1985,3
1,1,2003,1986,0
1,1,2003,1987,1
1,1,2003,1988,1
1,1,2003,1989,0
1,1,2003,1990,3
1,1,2003,1991,0
1,1,2003,1992,1
1,1,2003,1993,0
1,1,2003,1994,3
1,1,2003,1995,0
1,1,2003,1996,3
1,1,2003,1997,2
1,1,2003,1998,1
1,1,2003,1999,0
1,1,2003,2000,5
1,1,2003,2001,5
1,1,2003,2002,4
1,1,2003,2003,2
1,1,2003,2004,0
1,1,2003,2005,0
1,1,2003,2006,1
1,1,2003,2007,0
1,1,2003,2008,0
1,1,2003,2009,0
1,1,2003,2010,0
1,1,2003,2011,2
1,1,2003,2012,0
1,1,2004,1968,NA
1,1,2004,1969,NA
1,1,2004,1970,NA
1,1,2004,1971,NA
1,1,2004,1972,NA
1,1,2004,1973,NA
1,1,2004,1974,NA
1,1,2004,1975,NA
1,1,2004,1976,NA
1,1,2004,1977,NA
1,1,2004,1978,NA
1,1,2004,1979,NA
1,1,2004,1980,NA
1,1,2004,1981,NA
1,1,2004,1982,NA
1,1,2004,1983,NA
1,1,2004,1984,NA
1,1,2004,1985,NA
1,1,2004,1986,NA
1,1,2004,1987,NA
1,1,2004,1988,NA
1,1,2004,1989,NA
1,1,2004,1990,NA
1,1,2004,1991,NA
1,1,2004,1992,NA
1,1,2004,1993,NA
1,1,2004,1994,NA
1,1,2004,1995,NA
1,1,2004,1996,NA
1,1,2004,1997,NA
1,1,2004,1998,NA
1,1,2004,1999,NA
1,1,2004,2000,NA
1,1,2004,2001,NA
1,1,2004,2002,NA
1,1,2004,2003,NA
1,1,2004,2004,NA
1,1,2004,2005,NA
1,1,2004,2006,NA
1,1,2004,2007,NA
1,1,2004,2008,NA
1,1,2004,2009,NA
1,1,2004,2010,NA
1,1,2004,2011,NA
1,1,2004,2012,NA
1,1,2005,1968,1
1,1,2005,1969,0
1,1,2005,1970,0
1,1,2005,1971,0
1,1,2005,1972,0
1,1,2005,1973,0
1,1,2005,1974,0
1,1,2005,1975,0
1,1,2005,1976,0
1,1,2005,1977,0
1,1,2005,1978,0
1,1,2005,1979,7
1,1,2005,1980,5
1,1,2005,1981,4
1,1,2005,1982,8
1,1,2005,1983,4
1,1,2005,1984,2
1,1,2005,1985,3
1,1,2005,1986,0
1,1,2005,1987,0
1,1,2005,1988,0
1,1,2005,1989,2
1,1,2005,1990,2
1,1,2005,1991,0
1,1,2005,1992,1
1,1,2005,1993,0
1,1,2005,1994,1
1,1,2005,1995,2
1,1,2005,1996,0
1,1,2005,1997,1
1,1,2005,1998,0
1,1,2005,1999,5
1,1,2005,2000,1
1,1,2005,2001,2
1,1,2005,2002,1
1,1,2005,2003,2
1,1,2005,2004,0
1,1,2005,2005,0
1,1,2005,2006,0
1,1,2005,2007,0
1,1,2005,2008,0
1,1,2005,2009,1
1,1,2005,2010,0
1,1,2005,2011,0
1,1,2005,2012,0
1,1,2006,1968,NA
1,1,2006,1969,NA
1,1,2006,1970,NA
1,1,2006,1971,NA
1,1,2006,1972,NA
1,1,2006,1973,NA
1,1,2006,1974,NA
1,1,2006,1975,NA
1,1,2006,1976,NA
1,1,2006,1977,NA
1,1,2006,1978,NA
1,1,2006,1979,NA
1,1,2006,1980,NA
1,1,2006,1981,NA
1,1,2006,1982,NA
1,1,2006,1983,NA
1,1,2006,1984,NA
1,1,2006,1985,NA
1,1,2006,1986,NA
1,1,2006,1987,NA
1,1,2006,1988,NA
1,1,2006,1989,NA
1,1,2006,1990,NA
1,1,2006,1991,NA
1,1,2006,1992,NA
1,1,2006,1993,NA
1,1,2006,1994,NA
1,1,2006,1995,NA
1,1,2006,1996,NA
1,1,2006,1997,NA
1,1,2006,1998,NA
1,1,2006,1999,NA
1,1,2006,2000,NA
1,1,2006,2001,NA
1,1,2006,2002,NA
1,1,2006,2003,NA
1,1,2006,2004,NA
1,1,2006,2005,NA
1,1,2006,2006,NA
1,1,2006,2007,NA
1,1,2006,2008,NA
1,1,2006,2009,NA
1,1,2006,2010,NA
1,1,2006,2011,NA
1,1,2006,2012,NA
1,1,2007,1968,NA
1,1,2007,1969,NA
1,1,2007,1970,NA
1,1,2007,1971,NA
1,1,2007,1972,NA
1,1,2007,1973,NA
1,1,2007,1974,NA
1,1,2007,1975,NA
1,1,2007,1976,NA
1,1,2007,1977,NA
1,1,2007,1978,NA
1,1,2007,1979,NA
1,1,2007,1980,NA
1,1,2007,1981,NA
1,1,2007,1982,NA
1,1,2007,1983,NA
1,1,2007,1984,NA
1,1,2007,1985,NA
1,1,2007,1986,NA
1,1,2007,1987,NA
1,1,2007,1988,NA
1,1,2007,1989,NA
1,1,2007,1990,NA
1,1,2007,1991,NA
1,1,2007,1992,NA
1,1,2007,1993,NA
1,1,2007,1994,NA
1,1,2007,1995,NA
1,1,2007,1996,NA
1,1,2007,1997,NA
1,1,2007,1998,NA
1,1,2007,1999,NA
1,1,2007,2000,NA
1,1,2007,2001,NA
1,1,2007,2002,NA
1,1,2007,2003,NA
1,1,2007,2004,NA
1,1,2007,2005,NA
1,1,2007,2006,NA
1,1,2007,2007,NA
1,1,2007,2008,NA
1,1,2007,2009,NA
1,1,2007,2010,NA
1,1,2007,2011,NA
1,1,2007,2012,NA
1,1,2008,1968,NA
1,1,2008,1969,NA
1,1,2008,1970,NA
1,1,2008,1971,NA
1,1,2008,1972,NA
1,1,2008,1973,NA
1,1,2008,1974,NA
1,1,2008,1975,NA
1,1,2008,1976,NA
1,1,2008,1977,NA
1,1,2008,1978,NA
1,1,2008,1979,NA
1,1,2008,1980,NA
1,1,2008,1981,NA
1,1,2008,1982,NA
1,1,2008,1983,NA
1,1,2008,1984,NA
1,1,2008,1985,NA
1,1,2008,1986,NA
1,1,2008,1987,NA
1,1,2008,1988,NA
1,1,2008,1989,NA
1,1,2008,1990,NA
1,1,2008,1991,NA
1,1,2008,1992,NA
1,1,2008,1993,NA
1,1,2008,1994,NA
1,1,2008,1995,NA
1,1,2008,1996,NA
1,1,2008,1997,NA
1,1,2008,1998,NA
1,1,2008,1999,NA
1,1,2008,2000,NA
1,1,2008,2001,NA
1,1,2008,2002,NA
1,1,2008,2003,NA
1,1,2008,2004,NA
1,1,2008,2005,NA
1,1,2008,2006,NA
1,1,2008,2007,NA
1,1,2008,2008,NA
1,1,2008,2009,NA
1,1,2008,2010,NA
1,1,2008,2011,NA
1,1,2008,2012,NA
1,2,2000,1968,2
1,2,2000,1969,1
1,2,2000,1970,0
1,2,2000,1971,4
1,2,2000,1972,0
1,2,2000,1973,0
1,2,2000,1974,0
1,2,2000,1975,2
1,2,2000,1976,0
1,2,2000,1977,1
1,2,2000,1978,0
1,2,2000,1979,1
1,2,2000,1980,0
1,2,2000,1981,2
1,2,2000,1982,2
1,2,2000,1983,0
1,2,2000,1984,3
1,2,2000,1985,1
1,2,2000,1986,0
1,2,2000,1987,0
1,2,2000,1988,1
1,2,2000,1989,0
1,2,2000,1990,0
1,2,2000,1991,0
1,2,2000,1992,1
1,2,2000,1993,0
1,2,2000,1994,0
1,2,2000,1995,0
1,2,2000,1996,0
1,2,2000,1997,0
1,2,2000,1998,0
1,2,2000,1999,0
1,2,2000,2000,0
1,2,2000,2001,0
1,2,2000,2002,1
1,2,2000,2003,2
1,2,2000,2004,3
1,2,2000,2005,0
1,2,2000,2006,1
1,2,2000,2007,0
1,2,2000,2008,0
1,2,2000,2009,0
1,2,2000,2010,2
1,2,2000,2011,1
1,2,2000,2012,0
1,2,2001,1968,NA
1,2,2001,1969,NA
1,2,2001,1970,NA
1,2,2001,1971,NA
1,2,2001,1972,NA
1,2,2001,1973,NA
1,2,2001,1974,NA
1,2,2001,1975,NA
1,2,2001,1976,NA
1,2,2001,1977,NA
1,2,2001,1978,NA
1,2,2001,1979,NA
1,2,2001,1980,NA
1,2,2001,1981,NA
1,2,2001,1982,NA
1,2,2001,1983,NA
1,2,2001,1984,NA
1,2,2001,1985,NA
1,2,2001,1986,NA
1,2,2001,1987,NA
1,2,2001,1988,NA
1,2,2001,1989,NA
1,2,2001,1990,NA
1,2,2001,1991,NA
1,2,2001,1992,NA
1,2,2001,1993,NA
1,2,2001,1994,NA
1,2,2001,1995,NA
1,2,2001,1996,NA
1,2,2001,1997,NA
1,2,2001,1998,NA
1,2,2001,1999,NA
1,2,2001,2000,NA
1,2,2001,2001,NA
1,2,2001,2002,NA
1,2,2001,2003,NA
1,2,2001,2004,NA
1,2,2001,2005,NA
1,2,2001,2006,NA
1,2,2001,2007,NA
1,2,2001,2008,NA
1,2,2001,2009,NA
1,2,2001,2010,NA
1,2,2001,2011,NA
1,2,2001,2012,NA
1,2,2002,1968,1
1,2,2002,1969,0
1,2,2002,1970,0
1,2,2002,1971,0
1,2,2002,1972,0
1,2,2002,1973,0
1,2,2002,1974,3
1,2,2002,1975,2
1,2,2002,1976,0
1,2,2002,1977,0
1,2,2002,1978,0
1,2,2002,1979,0
1,2,2002,1980,0
1,2,2002,1981,0
1,2,2002,1982,2
1,2,2002,1983,0
1,2,2002,1984,2
1,2,2002,1985,0
1,2,2002,1986,0
1,2,2002,1987,0
1,2,2002,1988,0
1,2,2002,1989,0
1,2,2002,1990,0
1,2,2002,1991,0
1,2,2002,1992,0
1,2,2002,1993,0
1,2,2002,1994,0
1,2,2002,1995,1
1,2,2002,1996,3
1,2,2002,1997,0
1,2,2002,1998,3
1,2,2002,1999,0
1,2,2002,2000,0
1,2,2002,2001,0
1,2,2002,2002,0
1,2,2002,2003,0
1,2,2002,2004,0
1,2,2002,2005,0
1,2,2002,2006,0
1,2,2002,2007,0
1,2,2002,2008,0
1,2,2002,2009,0
1,2,2002,2010,0
1,2,2002,2011,0
1,2,2002,2012,3
1,2,2003,1968,4
1,2,2003,1969,0
1,2,2003,1970,0
1,2,2003,1971,0
1,2,2003,1972,0
1,2,2003,1973,0
1,2,2003,1974,2
1,2,2003,1975,1
1,2,2003,1976,0
1,2,2003,1977,1
1,2,2003,1978,2
1,2,2003,1979,0
1,2,2003,1980,0
1,2,2003,1981,1
1,2,2003,1982,0
1,2,2003,1983,0
1,2,2003,1984,1
1,2,2003,1985,1
1,2,2003,1986,2
1,2,2003,1987,1
1,2,2003,1988,2
1,2,2003,1989,0
1,2,2003,1990,0
1,2,2003,1991,1
1,2,2003,1992,0
1,2,2003,1993,0
1,2,2003,1994,2
1,2,2003,1995,0
1,2,2003,1996,0
1,2,2003,1997,0
1,2,2003,1998,0
1,2,2003,1999,2
1,2,2003,2000,2
1,2,2003,2001,0
1,2,2003,2002,0
1,2,2003,2003,1
1,2,2003,2004,0
1,2,2003,2005,1
1,2,2003,2006,0
1,2,2003,2007,0
1,2,2003,2008,1
1,2,2003,2009,4
1,2,2003,2010,0
1,2,2003,2011,2
1,2,2003,2012,3
1,2,2004,1968,0
1,2,2004,1969,0
1,2,2004,1970,0
1,2,2004,1971,1
1,2,2004,1972,0
1,2,2004,1973,0
1,2,2004,1974,0
1,2,2004,1975,0
1,2,2004,1976,0
1,2,2004,1977,2
1,2,2004,1978,0
1,2,2004,1979,0
1,2,2004,1980,0
1,2,2004,1981,0
1,2,2004,1982,5
1,2,2004,1983,1
1,2,2004,1984,1
1,2,2004,1985,0
1,2,2004,1986,2
1,2,2004,1987,0
1,2,2004,1988,0
1,2,2004,1989,0
1,2,2004,1990,0
1,2,2004,1991,0
1,2,2004,1992,0
1,2,2004,1993,1
1,2,2004,1994,3
1,2,2004,1995,0
1,2,2004,1996,1
1,2,2004,1997,0
1,2,2004,1998,1
1,2,2004,1999,0
1,2,2004,2000,0
1,2,2004,2001,0
1,2,2004,2002,0
1,2,2004,2003,0
1,2,2004,2004,2
1,2,2004,2005,0
1,2,2004,2006,0
1,2,2004,2007,0
1,2,2004,2008,0
1,2,2004,2009,0
1,2,2004,2010,0
1,2,2004,2011,0
1,2,2004,2012,0
1,2,2005,1968,NA
1,2,2005,1969,NA
1,2,2005,1970,NA
1,2,2005,1971,NA
1,2,2005,1972,NA
1,2,2005,1973,NA
1,2,2005,1974,NA
1,2,2005,1975,NA
1,2,2005,1976,NA
1,2,2005,1977,NA
1,2,2005,1978,NA
1,2,2005,1979,NA
1,2,2005,1980,NA
1,2,2005,1981,NA
1,2,2005,1982,NA
1,2,2005,1983,NA
1,2,2005,1984,NA
1,2,2005,1985,NA
1,2,2005,1986,NA
1,2,2005,1987,NA
1,2,2005,1988,NA
1,2,2005,1989,NA
1,2,2005,1990,NA
1,2,2005,1991,NA
1,2,2005,1992,NA
1,2,2005,1993,NA
1,2,2005,1994,NA
1,2,2005,1995,NA
1,2,2005,1996,NA
1,2,2005,1997,NA
1,2,2005,1998,NA
1,2,2005,1999,NA
1,2,2005,2000,NA
1,2,2005,2001,NA
1,2,2005,2002,NA
1,2,2005,2003,NA
1,2,2005,2004,NA
1,2,2005,2005,NA
1,2,2005,2006,NA
1,2,2005,2007,NA
1,2,2005,2008,NA
1,2,2005,2009,NA
1,2,2005,2010,NA
1,2,2005,2011,NA
1,2,2005,2012,NA
1,2,2006,1968,0
1,2,2006,1969,0
1,2,2006,1970,0
1,2,2006,1971,2
1,2,2006,1972,2
1,2,2006,1973,0
1,2,2006,1974,1
1,2,2006,1975,0
1,2,2006,1976,0
1,2,2006,1977,0
1,2,2006,1978,1
1,2,2006,1979,0
1,2,2006,1980,0
1,2,2006,1981,0
1,2,2006,1982,1
1,2,2006,1983,0
1,2,2006,1984,0
1,2,2006,1985,0
1,2,2006,1986,0
1,2,2006,1987,0
1,2,2006,1988,0
1,2,2006,1989,0
1,2,2006,1990,0
1,2,2006,1991,0
1,2,2006,1992,0
1,2,2006,1993,0
1,2,2006,1994,0
1,2,2006,1995,1
1,2,2006,1996,0
1,2,2006,1997,1
1,2,2006,1998,0
1,2,2006,1999,0
1,2,2006,2000,4
1,2,2006,2001,0
1,2,2006,2002,0
1,2,2006,2003,1
1,2,2006,2004,0
1,2,2006,2005,1
1,2,2006,2006,1
1,2,2006,2007,0
1,2,2006,2008,0
1,2,2006,2009,0
1,2,2006,2010,0
1,2,2006,2011,0
1,2,2006,2012,0
1,2,2007,1968,NA
1,2,2007,1969,NA
1,2,2007,1970,NA
1,2,2007,1971,NA
1,2,2007,1972,NA
1,2,2007,1973,NA
1,2,2007,1974,NA
1,2,2007,1975,NA
1,2,2007,1976,NA
1,2,2007,1977,NA
1,2,2007,1978,NA
1,2,2007,1979,NA
1,2,2007,1980,NA
1,2,2007,1981,NA
1,2,2007,1982,NA
1,2,2007,1983,NA
1,2,2007,1984,NA
1,2,2007,1985,NA
1,2,2007,1986,NA
1,2,2007,1987,NA
1,2,2007,1988,NA
1,2,2007,1989,NA
1,2,2007,1990,NA
1,2,2007,1991,NA
1,2,2007,1992,NA
1,2,2007,1993,NA
1,2,2007,1994,NA
1,2,2007,1995,NA
1,2,2007,1996,NA
1,2,2007,1997,NA
1,2,2007,1998,NA
1,2,2007,1999,NA
1,2,2007,2000,NA
1,2,2007,2001,NA
1,2,2007,2002,NA
1,2,2007,2003,NA
1,2,2007,2004,NA
1,2,2007,2005,NA
1,2,2007,2006,NA
1,2,2007,2007,NA
1,2,2007,2008,NA
1,2,2007,2009,NA
1,2,2007,2010,NA
1,2,2007,2011,NA
1,2,2007,2012,NA
1,2,2008,1968,NA
1,2,2008,1969,NA
1,2,2008,1970,NA
1,2,2008,1971,NA
1,2,2008,1972,NA
1,2,2008,1973,NA
1,2,2008,1974,NA
1,2,2008,1975,NA
1,2,2008,1976,NA
1,2,2008,1977,NA
1,2,2008,1978,NA
1,2,2008,1979,NA
1,2,2008,1980,NA
1,2,2008,1981,NA
1,2,2008,1982,NA
1,2,2008,1983,NA
1,2,2008,1984,NA
1,2,2008,1985,NA
1,2,2008,1986,NA
1,2,2008,1987,NA
1,2,2008,1988,NA
1,2,2008,1989,NA
1,2,2008,1990,NA
1,2,2008,1991,NA
1,2,2008,1992,NA
1,2,2008,1993,NA
1,2,2008,1994,NA
1,2,2008,1995,NA
1,2,2008,1996,NA
1,2,2008,1997,NA
1,2,2008,1998,NA
1,2,2008,1999,NA
1,2,2008,2000,NA
1,2,2008,2001,NA
1,2,2008,2002,NA
1,2,2008,2003,NA
1,2,2008,2004,NA
1,2,2008,2005,NA
1,2,2008,2006,NA
1,2,2008,2007,NA
1,2,2008,2008,NA
1,2,2008,2009,NA
1,2,2008,2010,NA
1,2,2008,2011,NA
1,2,2008,2012,NA
1,3,2000,1968,NA
1,3,2000,1969,NA
1,3,2000,1970,NA
1,3,2000,1971,NA
1,3,2000,1972,NA
1,3,2000,1973,NA
1,3,2000,1974,NA
1,3,2000,1975,NA
1,3,2000,1976,NA
1,3,2000,1977,NA
1,3,2000,1978,NA
1,3,2000,1979,NA
1,3,2000,1980,NA
1,3,2000,1981,NA
1,3,2000,1982,NA
1,3,2000,1983,NA
1,3,2000,1984,NA
1,3,2000,1985,NA
1,3,2000,1986,NA
1,3,2000,1987,NA
1,3,2000,1988,NA
1,3,2000,1989,NA
1,3,2000,1990,NA
1,3,2000,1991,NA
1,3,2000,1992,NA
1,3,2000,1993,NA
1,3,2000,1994,NA
1,3,2000,1995,NA
1,3,2000,1996,NA
1,3,2000,1997,NA
1,3,2000,1998,NA
1,3,2000,1999,NA
1,3,2000,2000,NA
1,3,2000,2001,NA
1,3,2000,2002,NA
1,3,2000,2003,NA
1,3,2000,2004,NA
1,3,2000,2005,NA
1,3,2000,2006,NA
1,3,2000,2007,NA
1,3,2000,2008,NA
1,3,2000,2009,NA
1,3,2000,2010,NA
1,3,2000,2011,NA
1,3,2000,2012,NA
1,3,2001,1968,0
1,3,2001,1969,0
1,3,2001,1970,3
1,3,2001,1971,0
1,3,2001,1972,2
1,3,2001,1973,0
1,3,2001,1974,0
1,3,2001,1975,0
1,3,2001,1976,0
1,3,2001,1977,0
1,3,2001,1978,2
1,3,2001,1979,3
1,3,2001,1980,0
1,3,2001,1981,0
1,3,2001,1982,0
1,3,2001,1983,0
1,3,2001,1984,0
1,3,2001,1985,3
1,3,2001,1986,1
1,3,2001,1987,4
1,3,2001,1988,2
1,3,2001,1989,8
1,3,2001,1990,0
1,3,2001,1991,1
1,3,2001,1992,1
1,3,2001,1993,1
1,3,2001,1994,0
1,3,2001,1995,0
1,3,2001,1996,1
1,3,2001,1997,0
1,3,2001,1998,0
1,3,2001,1999,0
1,3,2001,2000,0
1,3,2001,2001,1
1,3,2001,2002,0
1,3,2001,2003,0
1,3,2001,2004,0
1,3,2001,2005,0
1,3,2001,2006,0
1,3,2001,2007,1
1,3,2001,2008,0
1,3,2001,2009,0
1,3,2001,2010,0
1,3,2001,2011,1
1,3,2001,2012,0
1,3,2002,1968,NA
1,3,2002,1969,NA
1,3,2002,1970,NA
1,3,2002,1971,NA
1,3,2002,1972,NA
1,3,2002,1973,NA
1,3,2002,1974,NA
1,3,2002,1975,NA
1,3,2002,1976,NA
1,3,2002,1977,NA
1,3,2002,1978,NA
1,3,2002,1979,NA
1,3,2002,1980,NA
1,3,2002,1981,NA
1,3,2002,1982,NA
1,3,2002,1983,NA
1,3,2002,1984,NA
1,3,2002,1985,NA
1,3,2002,1986,NA
1,3,2002,1987,NA
1,3,2002,1988,NA
1,3,2002,1989,NA
1,3,2002,1990,NA
1,3,2002,1991,NA
1,3,2002,1992,NA
1,3,2002,1993,NA
1,3,2002,1994,NA
1,3,2002,1995,NA
1,3,2002,1996,NA
1,3,2002,1997,NA
1,3,2002,1998,NA
1,3,2002,1999,NA
1,3,2002,2000,NA
1,3,2002,2001,NA
1,3,2002,2002,NA
1,3,2002,2003,NA
1,3,2002,2004,NA
1,3,2002,2005,NA
1,3,2002,2006,NA
1,3,2002,2007,NA
1,3,2002,2008,NA
1,3,2002,2009,NA
1,3,2002,2010,NA
1,3,2002,2011,NA
1,3,2002,2012,NA
1,3,2003,1968,NA
1,3,2003,1969,NA
1,3,2003,1970,NA
1,3,2003,1971,NA
1,3,2003,1972,NA
1,3,2003,1973,NA
1,3,2003,1974,NA
1,3,2003,1975,NA
1,3,2003,1976,NA
1,3,2003,1977,NA
1,3,2003,1978,NA
1,3,2003,1979,NA
1,3,2003,1980,NA
1,3,2003,1981,NA
1,3,2003,1982,NA
1,3,2003,1983,NA
1,3,2003,1984,NA
1,3,2003,1985,NA
1,3,2003,1986,NA
1,3,2003,1987,NA
1,3,2003,1988,NA
1,3,2003,1989,NA
1,3,2003,1990,NA
1,3,2003,1991,NA
1,3,2003,1992,NA
1,3,2003,1993,NA
1,3,2003,1994,NA
1,3,2003,1995,NA
1,3,2003,1996,NA
1,3,2003,1997,NA
1,3,2003,1998,NA
1,3,2003,1999,NA
1,3,2003,2000,NA
1,3,2003,2001,NA
1,3,2003,2002,NA
1,3,2003,2003,NA
1,3,2003,2004,NA
1,3,2003,2005,NA
1,3,2003,2006,NA
1,3,2003,2007,NA
1,3,2003,2008,NA
1,3,2003,2009,NA
1,3,2003,2010,NA
1,3,2003,2011,NA
1,3,2003,2012,NA
1,3,2004,1968,NA
1,3,2004,1969,NA
1,3,2004,1970,NA
1,3,2004,1971,NA
1,3,2004,1972,NA
1,3,2004,1973,NA
1,3,2004,1974,NA
1,3,2004,1975,NA
1,3,2004,1976,NA
1,3,2004,1977,NA
1,3,2004,1978,NA
1,3,2004,1979,NA
1,3,2004,1980,NA
1,3,2004,1981,NA
1,3,2004,1982,NA
1,3,2004,1983,NA
1,3,2004,1984,NA
1,3,2004,1985,NA
1,3,2004,1986,NA
1,3,2004,1987,NA
1,3,2004,1988,NA
1,3,2004,1989,NA
1,3,2004,1990,NA
1,3,2004,1991,NA
1,3,2004,1992,NA
1,3,2004,1993,NA
1,3,2004,1994,NA
1,3,2004,1995,NA
1,3,2004,1996,NA
1,3,2004,1997,NA
1,3,2004,1998,NA
1,3,2004,1999,NA
1,3,2004,2000,NA
1,3,2004,2001,NA
1,3,2004,2002,NA
1,3,2004,2003,NA
1,3,2004,2004,NA
1,3,2004,2005,NA
1,3,2004,2006,NA
1,3,2004,2007,NA
1,3,2004,2008,NA
1,3,2004,2009,NA
1,3,2004,2010,NA
1,3,2004,2011,NA
1,3,2004,2012,NA
1,3,2005,1968,NA
1,3,2005,1969,NA
1,3,2005,1970,NA
1,3,2005,1971,NA
1,3,2005,1972,NA
1,3,2005,1973,NA
1,3,2005,1974,NA
1,3,2005,1975,NA
1,3,2005,1976,NA
1,3,2005,1977,NA
1,3,2005,1978,NA
1,3,2005,1979,NA
1,3,2005,1980,NA
1,3,2005,1981,NA
1,3,2005,1982,NA
1,3,2005,1983,NA
1,3,2005,1984,NA
1,3,2005,1985,NA
1,3,2005,1986,NA
1,3,2005,1987,NA
1,3,2005,1988,NA
1,3,2005,1989,NA
1,3,2005,1990,NA
1,3,2005,1991,NA
1,3,2005,1992,NA
1,3,2005,1993,NA
1,3,2005,1994,NA
1,3,2005,1995,NA
1,3,2005,1996,NA
1,3,2005,1997,NA
1,3,2005,1998,NA
1,3,2005,1999,NA
1,3,2005,2000,NA
1,3,2005,2001,NA
1,3,2005,2002,NA
1,3,2005,2003,NA
1,3,2005,2004,NA
1,3,2005,2005,NA
1,3,2005,2006,NA
1,3,2005,2007,NA
1,3,2005,2008,NA
1,3,2005,2009,NA
1,3,2005,2010,NA
1,3,2005,2011,NA
1,3,2005,2012,NA
1,3,2006,1968,NA
1,3,2006,1969,NA
1,3,2006,1970,NA
1,3,2006,1971,NA
1,3,2006,1972,NA
1,3,2006,1973,NA
1,3,2006,1974,NA
1,3,2006,1975,NA
1,3,2006,1976,NA
1,3,2006,1977,NA
1,3,2006,1978,NA
1,3,2006,1979,NA
1,3,2006,1980,NA
1,3,2006,1981,NA
1,3,2006,1982,NA
1,3,2006,1983,NA
1,3,2006,1984,NA
1,3,2006,1985,NA
1,3,2006,1986,NA
1,3,2006,1987,NA
1,3,2006,1988,NA
1,3,2006,1989,NA
1,3,2006,1990,NA
1,3,2006,1991,NA
1,3,2006,1992,NA
1,3,2006,1993,NA
1,3,2006,1994,NA
1,3,2006,1995,NA
1,3,2006,1996,NA
1,3,2006,1997,NA
1,3,2006,1998,NA
1,3,2006,1999,NA
1,3,2006,2000,NA
1,3,2006,2001,NA
1,3,2006,2002,NA
1,3,2006,2003,NA
1,3,2006,2004,NA
1,3,2006,2005,NA
1,3,2006,2006,NA
1,3,2006,2007,NA
1,3,2006,2008,NA
1,3,2006,2009,NA
1,3,2006,2010,NA
1,3,2006,2011,NA
1,3,2006,2012,NA
1,3,2007,1968,0
1,3,2007,1969,0
1,3,2007,1970,0
1,3,2007,1971,0
1,3,2007,1972,0
1,3,2007,1973,0
1,3,2007,1974,0
1,3,2007,1975,1
1,3,2007,1976,0
1,3,2007,1977,0
1,3,2007,1978,4
1,3,2007,1979,0
1,3,2007,1980,0
1,3,2007,1981,2
1,3,2007,1982,1
1,3,2007,1983,0
1,3,2007,1984,2
1,3,2007,1985,2
1,3,2007,1986,0
1,3,2007,1987,0
1,3,2007,1988,1
1,3,2007,1989,6
1,3,2007,1990,2
1,3,2007,1991,2
1,3,2007,1992,0
1,3,2007,1993,1
1,3,2007,1994,1
1,3,2007,1995,0
1,3,2007,1996,0
1,3,2007,1997,0
1,3,2007,1998,0
1,3,2007,1999,0
1,3,2007,2000,0
1,3,2007,2001,0
1,3,2007,2002,0
1,3,2007,2003,1
1,3,2007,2004,2
1,3,2007,2005,8
1,3,2007,2006,5
1,3,2007,2007,3
1,3,2007,2008,2
1,3,2007,2009,0
1,3,2007,2010,0
1,3,2007,2011,0
1,3,2007,2012,2
1,3,2008,1968,NA
1,3,2008,1969,NA
1,3,2008,1970,NA
1,3,2008,1971,NA
1,3,2008,1972,NA
1,3,2008,1973,NA
1,3,2008,1974,NA
1,3,2008,1975,NA
1,3,2008,1976,NA
1,3,2008,1977,NA
1,3,2008,1978,NA
1,3,2008,1979,NA
1,3,2008,1980,NA
1,3,2008,1981,NA
1,3,2008,1982,NA
1,3,2008,1983,NA
1,3,2008,1984,NA
1,3,2008,1985,NA
1,3,2008,1986,NA
1,3,2008,1987,NA
1,3,2008,1988,NA
1,3,2008,1989,NA
1,3,2008,1990,NA
1,3,2008,1991,NA
1,3,2008,1992,NA
1,3,2008,1993,NA
1,3,2008,1994,NA
1,3,2008,1995,NA
1,3,2008,1996,NA
1,3,2008,1997,NA
1,3,2008,1998,NA
1,3,2008,1999,NA
1,3,2008,2000,NA
1,3,2008,2001,NA
1,3,2008,2002,NA
1,3,2008,2003,NA
1,3,2008,2004,NA
1,3,2008,2005,NA
1,3,2008,2006,NA
1,3,2008,2007,NA
1,3,2008,2008,NA
1,3,2008,2009,NA
1,3,2008,2010,NA
1,3,2008,2011,NA
1,3,2008,2012,NA
1,4,2000,1968,NA
1,4,2000,1969,NA
1,4,2000,1970,NA
1,4,2000,1971,NA
1,4,2000,1972,NA
1,4,2000,1973,NA
1,4,2000,1974,NA
1,4,2000,1975,NA
1,4,2000,1976,NA
1,4,2000,1977,NA
1,4,2000,1978,NA
1,4,2000,1979,NA
1,4,2000,1980,NA
1,4,2000,1981,NA
1,4,2000,1982,NA
1,4,2000,1983,NA
1,4,2000,1984,NA
1,4,2000,1985,NA
1,4,2000,1986,NA
1,4,2000,1987,NA
1,4,2000,1988,NA
1,4,2000,1989,NA
1,4,2000,1990,NA
1,4,2000,1991,NA
1,4,2000,1992,NA
1,4,2000,1993,NA
1,4,2000,1994,NA
1,4,2000,1995,NA
1,4,2000,1996,NA
1,4,2000,1997,NA
1,4,2000,1998,NA
1,4,2000,1999,NA
1,4,2000,2000,NA
1,4,2000,2001,NA
1,4,2000,2002,NA
1,4,2000,2003,NA
1,4,2000,2004,NA
1,4,2000,2005,NA
1,4,2000,2006,NA
1,4,2000,2007,NA
1,4,2000,2008,NA
1,4,2000,2009,NA
1,4,2000,2010,NA
1,4,2000,2011,NA
1,4,2000,2012,NA
1,4,2001,1968,0
1,4,2001,1969,2
1,4,2001,1970,0
1,4,2001,1971,0
1,4,2001,1972,0
1,4,2001,1973,0
1,4,2001,1974,0
1,4,2001,1975,0
1,4,2001,1976,5
1,4,2001,1977,2
1,4,2001,1978,1
1,4,2001,1979,1
1,4,2001,1980,0
1,4,2001,1981,0
1,4,2001,1982,0
1,4,2001,1983,0
1,4,2001,1984,1
1,4,2001,1985,0
1,4,2001,1986,0
1,4,2001,1987,4
1,4,2001,1988,0
1,4,2001,1989,1
1,4,2001,1990,1
1,4,2001,1991,1
1,4,2001,1992,3
1,4,2001,1993,7
1,4,2001,1994,2
1,4,2001,1995,2
1,4,2001,1996,2
1,4,2001,1997,3
1,4,2001,1998,5
1,4,2001,1999,1
1,4,2001,2000,6
1,4,2001,2001,3
1,4,2001,2002,0
1,4,2001,2003,1
1,4,2001,2004,0
1,4,2001,2005,2
1,4,2001,2006,0
1,4,2001,2007,0
1,4,2001,2008,0
1,4,2001,2009,0
1,4,2001,2010,2
1,4,2001,2011,1
1,4,2001,2012,1
1,4,2002,1968,NA
1,4,2002,1969,NA
1,4,2002,1970,NA
1,4,2002,1971,NA
1,4,2002,1972,NA
1,4,2002,1973,NA
1,4,2002,1974,NA
1,4,2002,1975,NA
1,4,2002,1976,NA
1,4,2002,1977,NA
1,4,2002,1978,NA
1,4,2002,1979,NA
1,4,2002,1980,NA
1,4,2002,1981,NA
1,4,2002,1982,NA
1,4,2002,1983,NA
1,4,2002,1984,NA
1,4,2002,1985,NA
1,4,2002,1986,NA
1,4,2002,1987,NA
1,4,2002,1988,NA
1,4,2002,1989,NA
1,4,2002,1990,NA
1,4,2002,1991,NA
1,4,2002,1992,NA
1,4,2002,1993,NA
1,4,2002,1994,NA
1,4,2002,1995,NA
1,4,2002,1996,NA
1,4,2002,1997,NA
1,4,2002,1998,NA
1,4,2002,1999,NA
1,4,2002,2000,NA
1,4,2002,2001,NA
1,4,2002,2002,NA
1,4,2002,2003,NA
1,4,2002,2004,NA
1,4,2002,2005,NA
1,4,2002,2006,NA
1,4,2002,2007,NA
1,4,2002,2008,NA
1,4,2002,2009,NA
1,4,2002,2010,NA
1,4,2002,2011,NA
1,4,2002,2012,NA
1,4,2003,1968,0
1,4,2003,1969,1
1,4,2003,1970,0
1,4,2003,1971,1
1,4,2003,1972,2
1,4,2003,1973,0
1,4,2003,1974,1
1,4,2003,1975,5
1,4,2003,1976,5
1,4,2003,1977,1
1,4,2003,1978,2
1,4,2003,1979,1
1,4,2003,1980,0
1,4,2003,1981,0
1,4,2003,1982,0
1,4,2003,1983,2
1,4,2003,1984,1
1,4,2003,1985,0
1,4,2003,1986,0
1,4,2003,1987,0
1,4,2003,1988,0
1,4,2003,1989,0
1,4,2003,1990,2
1,4,2003,1991,0
1,4,2003,1992,0
1,4,2003,1993,3
1,4,2003,1994,6
1,4,2003,1995,0
1,4,2003,1996,4
1,4,2003,1997,3
1,4,2003,1998,7
1,4,2003,1999,4
1,4,2003,2000,2
1,4,2003,2001,3
1,4,2003,2002,0
1,4,2003,2003,0
1,4,2003,2004,0
1,4,2003,2005,0
1,4,2003,2006,3
1,4,2003,2007,0
1,4,2003,2008,0
1,4,2003,2009,0
1,4,2003,2010,4
1,4,2003,2011,1
1,4,2003,2012,0
1,4,2004,1968,NA
1,4,2004,1969,NA
1,4,2004,1970,NA
1,4,2004,1971,NA
1,4,2004,1972,NA
1,4,2004,1973,NA
1,4,2004,1974,NA
1,4,2004,1975,NA
1,4,2004,1976,NA
1,4,2004,1977,NA
1,4,2004,1978,NA
1,4,2004,1979,NA
1,4,2004,1980,NA
1,4,2004,1981,NA
1,4,2004,1982,NA
1,4,2004,1983,NA
1,4,2004,1984,NA
1,4,2004,1985,NA
1,4,2004,1986,NA
1,4,2004,1987,NA
1,4,2004,1988,NA
1,4,2004,1989,NA
1,4,2004,1990,NA
1,4,2004,1991,NA
1,4,2004,1992,NA
1,4,2004,1993,NA
1,4,2004,1994,NA
1,4,2004,1995,NA
1,4,2004,1996,NA
1,4,2004,1997,NA
1,4,2004,1998,NA
1,4,2004,1999,NA
1,4,2004,2000,NA
1,4,2004,2001,NA
1,4,2004,2002,NA
1,4,2004,2003,NA
1,4,2004,2004,NA
1,4,2004,2005,NA
1,4,2004,2006,NA
1,4,2004,2007,NA
1,4,2004,2008,NA
1,4,2004,2009,NA
1,4,2004,2010,NA
1,4,2004,2011,NA
1,4,2004,2012,NA
1,4,2005,1968,NA
1,4,2005,1969,NA
1,4,2005,1970,NA
1,4,2005,1971,NA
1,4,2005,1972,NA
1,4,2005,1973,NA
1,4,2005,1974,NA
1,4,2005,1975,NA
1,4,2005,1976,NA
1,4,2005,1977,NA
1,4,2005,1978,NA
1,4,2005,1979,NA
1,4,2005,1980,NA
1,4,2005,1981,NA
1,4,2005,1982,NA
1,4,2005,1983,NA
1,4,2005,1984,NA
1,4,2005,1985,NA
1,4,2005,1986,NA
1,4,2005,1987,NA
1,4,2005,1988,NA
1,4,2005,1989,NA
1,4,2005,1990,NA
1,4,2005,1991,NA
1,4,2005,1992,NA
1,4,2005,1993,NA
1,4,2005,1994,NA
1,4,2005,1995,NA
1,4,2005,1996,NA
1,4,2005,1997,NA
1,4,2005,1998,NA
1,4,2005,1999,NA
1,4,2005,2000,NA
1,4,2005,2001,NA
1,4,2005,2002,NA
1,4,2005,2003,NA
1,4,2005,2004,NA
1,4,2005,2005,NA
1,4,2005,2006,NA
1,4,2005,2007,NA
1,4,2005,2008,NA
1,4,2005,2009,NA
1,4,2005,2010,NA
1,4,2005,2011,NA
1,4,2005,2012,NA
1,4,2006,1968,1
1,4,2006,1969,0
1,4,2006,1970,0
1,4,2006,1971,0
1,4,2006,1972,1
1,4,2006,1973,1
1,4,2006,1974,3
1,4,2006,1975,3
1,4,2006,1976,1
1,4,2006,1977,6
1,4,2006,1978,4
1,4,2006,1979,0
1,4,2006,1980,0
1,4,2006,1981,2
1,4,2006,1982,0
1,4,2006,1983,0
1,4,2006,1984,0
1,4,2006,1985,1
1,4,2006,1986,0
1,4,2006,1987,0
1,4,2006,1988,0
1,4,2006,1989,0
1,4,2006,1990,0
1,4,2006,1991,1
1,4,2006,1992,0
1,4,2006,1993,3
1,4,2006,1994,4
1,4,2006,1995,0
1,4,2006,1996,1
1,4,2006,1997,4
1,4,2006,1998,0
1,4,2006,1999,2
1,4,2006,2000,1
1,4,2006,2001,0
1,4,2006,2002,0
1,4,2006,2003,0
1,4,2006,2004,0
1,4,2006,2005,0
1,4,2006,2006,0
1,4,2006,2007,0
1,4,2006,2008,0
1,4,2006,2009,0
1,4,2006,2010,0
1,4,2006,2011,0
1,4,2006,2012,0
1,4,2007,1968,NA
1,4,2007,1969,NA
1,4,2007,1970,NA
1,4,2007,1971,NA
1,4,2007,1972,NA
1,4,2007,1973,NA
1,4,2007,1974,NA
1,4,2007,1975,NA
1,4,2007,1976,NA
1,4,2007,1977,NA
1,4,2007,1978,NA
1,4,2007,1979,NA
1,4,2007,1980,NA
1,4,2007,1981,NA
1,4,2007,1982,NA
1,4,2007,1983,NA
1,4,2007,1984,NA
1,4,2007,1985,NA
1,4,2007,1986,NA
1,4,2007,1987,NA
1,4,2007,1988,NA
1,4,2007,1989,NA
1,4,2007,1990,NA
1,4,2007,1991,NA
1,4,2007,1992,NA
1,4,2007,1993,NA
1,4,2007,1994,NA
1,4,2007,1995,NA
1,4,2007,1996,NA
1,4,2007,1997,NA
1,4,2007,1998,NA
1,4,2007,1999,NA
1,4,2007,2000,NA
1,4,2007,2001,NA
1,4,2007,2002,NA
1,4,2007,2003,NA
1,4,2007,2004,NA
1,4,2007,2005,NA
1,4,2007,2006,NA
1,4,2007,2007,NA
1,4,2007,2008,NA
1,4,2007,2009,NA
1,4,2007,2010,NA
1,4,2007,2011,NA
1,4,2007,2012,NA
1,4,2008,1968,2
1,4,2008,1969,0
1,4,2008,1970,0
1,4,2008,1971,0
1,4,2008,1972,2
1,4,2008,1973,2
1,4,2008,1974,2
1,4,2008,1975,1
1,4,2008,1976,1
1,4,2008,1977,6
1,4,2008,1978,4
1,4,2008,1979,2
1,4,2008,1980,0
1,4,2008,1981,0
1,4,2008,1982,0
1,4,2008,1983,0
1,4,2008,1984,1
1,4,2008,1985,0
1,4,2008,1986,2
1,4,2008,1987,0
1,4,2008,1988,0
1,4,2008,1989,1
1,4,2008,1990,0
1,4,2008,1991,1
1,4,2008,1992,5
1,4,2008,1993,6
1,4,2008,1994,4
1,4,2008,1995,2
1,4,2008,1996,1
1,4,2008,1997,0
1,4,2008,1998,0
1,4,2008,1999,5
1,4,2008,2000,1
1,4,2008,2001,1
1,4,2008,2002,0
1,4,2008,2003,0
1,4,2008,2004,0
1,4,2008,2005,0
1,4,2008,2006,0
1,4,2008,2007,0
1,4,2008,2008,2
1,4,2008,2009,0
1,4,2008,2010,0
1,4,2008,2011,0
1,4,2008,2012,0
1,5,2000,1968,NA
1,5,2000,1969,NA
1,5,2000,1970,NA
1,5,2000,1971,NA
1,5,2000,1972,NA
1,5,2000,1973,NA
1,5,2000,1974,NA
1,5,2000,1975,NA
1,5,2000,1976,NA
1,5,2000,1977,NA
1,5,2000,1978,NA
1,5,2000,1979,NA
1,5,2000,1980,NA
1,5,2000,1981,NA
1,5,2000,1982,NA
1,5,2000,1983,NA
1,5,2000,1984,NA
1,5,2000,1985,NA
1,5,2000,1986,NA
1,5,2000,1987,NA
1,5,2000,1988,NA
1,5,2000,1989,NA
1,5,2000,1990,NA
1,5,2000,1991,NA
1,5,2000,1992,NA
1,5,2000,1993,NA
1,5,2000,1994,NA
1,5,2000,1995,NA
1,5,2000,1996,NA
1,5,2000,1997,NA
1,5,2000,1998,NA
1,5,2000,1999,NA
1,5,2000,2000,NA
1,5,2000,2001,NA
1,5,2000,2002,NA
1,5,2000,2003,NA
1,5,2000,2004,NA
1,5,2000,2005,NA
1,5,2000,2006,NA
1,5,2000,2007,NA
1,5,2000,2008,NA
1,5,2000,2009,NA
1,5,2000,2010,NA
1,5,2000,2011,NA
1,5,2000,2012,NA
1,5,2001,1968,1
1,5,2001,1969,0
1,5,2001,1970,0
1,5,2001,1971,0
1,5,2001,1972,1
1,5,2001,1973,3
1,5,2001,1974,0
1,5,2001,1975,2
1,5,2001,1976,0
1,5,2001,1977,0
1,5,2001,1978,4
1,5,2001,1979,2
1,5,2001,1980,6
1,5,2001,1981,5
1,5,2001,1982,2
1,5,2001,1983,0
1,5,2001,1984,3
1,5,2001,1985,0
1,5,2001,1986,0
1,5,2001,1987,3
1,5,2001,1988,7
1,5,2001,1989,3
1,5,2001,1990,5
1,5,2001,1991,3
1,5,2001,1992,4
1,5,2001,1993,0
1,5,2001,1994,0
1,5,2001,1995,0
1,5,2001,1996,0
1,5,2001,1997,2
1,5,2001,1998,0
1,5,2001,1999,1
1,5,2001,2000,4
1,5,2001,2001,0
1,5,2001,2002,5
1,5,2001,2003,3
1,5,2001,2004,0
1,5,2001,2005,0
1,5,2001,2006,0
1,5,2001,2007,2
1,5,2001,2008,0
1,5,2001,2009,0
1,5,2001,2010,0
1,5,2001,2011,0
1,5,2001,2012,1
1,5,2002,1968,NA
1,5,2002,1969,NA
1,5,2002,1970,NA
1,5,2002,1971,NA
1,5,2002,1972,NA
1,5,2002,1973,NA
1,5,2002,1974,NA
1,5,2002,1975,NA
1,5,2002,1976,NA
1,5,2002,1977,NA
1,5,2002,1978,NA
1,5,2002,1979,NA
1,5,2002,1980,NA
1,5,2002,1981,NA
1,5,2002,1982,NA
1,5,2002,1983,NA
1,5,2002,1984,NA
1,5,2002,1985,NA
1,5,2002,1986,NA
1,5,2002,1987,NA
1,5,2002,1988,NA
1,5,2002,1989,NA
1,5,2002,1990,NA
1,5,2002,1991,NA
1,5,2002,1992,NA
1,5,2002,1993,NA
1,5,2002,1994,NA
1,5,2002,1995,NA
1,5,2002,1996,NA
1,5,2002,1997,NA
1,5,2002,1998,NA
1,5,2002,1999,NA
1,5,2002,2000,NA
1,5,2002,2001,NA
1,5,2002,2002,NA
1,5,2002,2003,NA
1,5,2002,2004,NA
1,5,2002,2005,NA
1,5,2002,2006,NA
1,5,2002,2007,NA
1,5,2002,2008,NA
1,5,2002,2009,NA
1,5,2002,2010,NA
1,5,2002,2011,NA
1,5,2002,2012,NA
1,5,2003,1968,0
1,5,2003,1969,0
1,5,2003,1970,2
1,5,2003,1971,0
1,5,2003,1972,0
1,5,2003,1973,2
1,5,2003,1974,0
1,5,2003,1975,0
1,5,2003,1976,0
1,5,2003,1977,0
1,5,2003,1978,2
1,5,2003,1979,2
1,5,2003,1980,4
1,5,2003,1981,7
1,5,2003,1982,2
1,5,2003,1983,0
1,5,2003,1984,1
1,5,2003,1985,0
1,5,2003,1986,0
1,5,2003,1987,2
1,5,2003,1988,2
1,5,2003,1989,0
1,5,2003,1990,0
1,5,2003,1991,0
1,5,2003,1992,0
1,5,2003,1993,0
1,5,2003,1994,1
1,5,2003,1995,1
1,5,2003,1996,0
1,5,2003,1997,0
1,5,2003,1998,0
1,5,2003,1999,2
1,5,2003,2000,2
1,5,2003,2001,0
1,5,2003,2002,2
1,5,2003,2003,0
1,5,2003,2004,0
1,5,2003,2005,0
1,5,2003,2006,0
1,5,2003,2007,5
1,5,2003,2008,2
1,5,2003,2009,1
1,5,2003,2010,0
1,5,2003,2011,0
1,5,2003,2012,0
1,5,2004,1968,0
1,5,2004,1969,0
1,5,2004,1970,1
1,5,2004,1971,0
1,5,2004,1972,3
1,5,2004,1973,2
1,5,2004,1974,0
1,5,2004,1975,0
1,5,2004,1976,2
1,5,2004,1977,2
1,5,2004,1978,2
1,5,2004,1979,5
1,5,2004,1980,6
1,5,2004,1981,5
1,5,2004,1982,5
1,5,2004,1983,4
1,5,2004,1984,2
1,5,2004,1985,1
1,5,2004,1986,2
1,5,2004,1987,0
1,5,2004,1988,1
1,5,2004,1989,5
1,5,2004,1990,4
1,5,2004,1991,6
1,5,2004,1992,0
1,5,2004,1993,2
1,5,2004,1994,0
1,5,2004,1995,1
1,5,2004,1996,2
1,5,2004,1997,0
1,5,2004,1998,0
1,5,2004,1999,6
1,5,2004,2000,0
1,5,2004,2001,3
1,5,2004,2002,4
1,5,2004,2003,7
1,5,2004,2004,8
1,5,2004,2005,1
1,5,2004,2006,4
1,5,2004,2007,1
1,5,2004,2008,0
1,5,2004,2009,5
1,5,2004,2010,0
1,5,2004,2011,0
1,5,2004,2012,1
1,5,2005,1968,NA
1,5,2005,1969,NA
1,5,2005,1970,NA
1,5,2005,1971,NA
1,5,2005,1972,NA
1,5,2005,1973,NA
1,5,2005,1974,NA
1,5,2005,1975,NA
1,5,2005,1976,NA
1,5,2005,1977,NA
1,5,2005,1978,NA
1,5,2005,1979,NA
1,5,2005,1980,NA
1,5,2005,1981,NA
1,5,2005,1982,NA
1,5,2005,1983,NA
1,5,2005,1984,NA
1,5,2005,1985,NA
1,5,2005,1986,NA
1,5,2005,1987,NA
1,5,2005,1988,NA
1,5,2005,1989,NA
1,5,2005,1990,NA
1,5,2005,1991,NA
1,5,2005,1992,NA
1,5,2005,1993,NA
1,5,2005,1994,NA
1,5,2005,1995,NA
1,5,2005,1996,NA
1,5,2005,1997,NA
1,5,2005,1998,NA
1,5,2005,1999,NA
1,5,2005,2000,NA
1,5,2005,2001,NA
1,5,2005,2002,NA
1,5,2005,2003,NA
1,5,2005,2004,NA
1,5,2005,2005,NA
1,5,2005,2006,NA
1,5,2005,2007,NA
1,5,2005,2008,NA
1,5,2005,2009,NA
1,5,2005,2010,NA
1,5,2005,2011,NA
1,5,2005,2012,NA
1,5,2006,1968,0
1,5,2006,1969,0
1,5,2006,1970,1
1,5,2006,1971,0
1,5,2006,1972,0
1,5,2006,1973,4
1,5,2006,1974,7
1,5,2006,1975,3
1,5,2006,1976,0
1,5,2006,1977,0
1,5,2006,1978,4
1,5,2006,1979,4
1,5,2006,1980,5
1,5,2006,1981,2
1,5,2006,1982,5
1,5,2006,1983,1
1,5,2006,1984,0
1,5,2006,1985,2
1,5,2006,1986,0
1,5,2006,1987,0
1,5,2006,1988,0
1,5,2006,1989,3
1,5,2006,1990,6
1,5,2006,1991,5
1,5,2006,1992,2
1,5,2006,1993,0
1,5,2006,1994,0
1,5,2006,1995,0
1,5,2006,1996,3
1,5,2006,1997,5
1,5,2006,1998,1
1,5,2006,1999,0
1,5,2006,2000,0
1,5,2006,2001,0
1,5,2006,2002,1
1,5,2006,2003,1
1,5,2006,2004,5
1,5,2006,2005,2
1,5,2006,2006,2
1,5,2006,2007,0
1,5,2006,2008,0
1,5,2006,2009,2
1,5,2006,2010,0
1,5,2006,2011,0
1,5,2006,2012,2
1,5,2007,1968,NA
1,5,2007,1969,NA
1,5,2007,1970,NA
1,5,2007,1971,NA
1,5,2007,1972,NA
1,5,2007,1973,NA
1,5,2007,1974,NA
1,5,2007,1975,NA
1,5,2007,1976,NA
1,5,2007,1977,NA
1,5,2007,1978,NA
1,5,2007,1979,NA
1,5,2007,1980,NA
1,5,2007,1981,NA
1,5,2007,1982,NA
1,5,2007,1983,NA
1,5,2007,1984,NA
1,5,2007,1985,NA
1,5,2007,1986,NA
1,5,2007,1987,NA
1,5,2007,1988,NA
1,5,2007,1989,NA
1,5,2007,1990,NA
1,5,2007,1991,NA
1,5,2007,1992,NA
1,5,2007,1993,NA
1,5,2007,1994,NA
1,5,2007,1995,NA
1,5,2007,1996,NA
1,5,2007,1997,NA
1,5,2007,1998,NA
1,5,2007,1999,NA
1,5,2007,2000,NA
1,5,2007,2001,NA
1,5,2007,2002,NA
1,5,2007,2003,NA
1,5,2007,2004,NA
1,5,2007,2005,NA
1,5,2007,2006,NA
1,5,2007,2007,NA
1,5,2007,2008,NA
1,5,2007,2009,NA
1,5,2007,2010,NA
1,5,2007,2011,NA
1,5,2007,2012,NA
1,5,2008,1968,0
1,5,2008,1969,0
1,5,2008,1970,1
1,5,2008,1971,0
1,5,2008,1972,2
1,5,2008,1973,4
1,5,2008,1974,3
1,5,2008,1975,0
1,5,2008,1976,0
1,5,2008,1977,3
1,5,2008,1978,1
1,5,2008,1979,0
1,5,2008,1980,2
1,5,2008,1981,7
1,5,2008,1982,4
1,5,2008,1983,1
1,5,2008,1984,0
1,5,2008,1985,0
1,5,2008,1986,3
1,5,2008,1987,2
1,5,2008,1988,5
1,5,2008,1989,6
1,5,2008,1990,2
1,5,2008,1991,7
1,5,2008,1992,0
1,5,2008,1993,1
1,5,2008,1994,0
1,5,2008,1995,0
1,5,2008,1996,0
1,5,2008,1997,0
1,5,2008,1998,1
1,5,2008,1999,0
1,5,2008,2000,0
1,5,2008,2001,3
1,5,2008,2002,1
1,5,2008,2003,4
1,5,2008,2004,5
1,5,2008,2005,0
1,5,2008,2006,2
1,5,2008,2007,0
1,5,2008,2008,0
1,5,2008,2009,0
1,5,2008,2010,0
1,5,2008,2011,0
1,5,2008,2012,0
1,6,2000,1968,NA
1,6,2000,1969,NA
1,6,2000,1970,NA
1,6,2000,1971,NA
1,6,2000,1972,NA
1,6,2000,1973,NA
1,6,2000,1974,NA
1,6,2000,1975,NA
1,6,2000,1976,NA
1,6,2000,1977,NA
1,6,2000,1978,NA
1,6,2000,1979,NA
1,6,2000,1980,NA
1,6,2000,1981,NA
1,6,2000,1982,NA
1,6,2000,1983,NA
1,6,2000,1984,NA
1,6,2000,1985,NA
1,6,2000,1986,NA
1,6,2000,1987,NA
1,6,2000,1988,NA
1,6,2000,1989,NA
1,6,2000,1990,NA
1,6,2000,1991,NA
1,6,2000,1992,NA
1,6,2000,1993,NA
1,6,2000,1994,NA
1,6,2000,1995,NA
1,6,2000,1996,NA
1,6,2000,1997,NA
1,6,2000,1998,NA
1,6,2000,1999,NA
1,6,2000,2000,NA
1,6,2000,2001,NA
1,6,2000,2002,NA
1,6,2000,2003,NA
1,6,2000,2004,NA
1,6,2000,2005,NA
1,6,2000,2006,NA
1,6,2000,2007,NA
1,6,2000,2008,NA
1,6,2000,2009,NA
1,6,2000,2010,NA
1,6,2000,2011,NA
1,6,2000,2012,NA
1,6,2001,1968,NA
1,6,2001,1969,NA
1,6,2001,1970,NA
1,6,2001,1971,NA
1,6,2001,1972,NA
1,6,2001,1973,NA
1,6,2001,1974,NA
1,6,2001,1975,NA
1,6,2001,1976,NA
1,6,2001,1977,NA
1,6,2001,1978,NA
1,6,2001,1979,NA
1,6,2001,1980,NA
1,6,2001,1981,NA
1,6,2001,1982,NA
1,6,2001,1983,NA
1,6,2001,1984,NA
1,6,2001,1985,NA
1,6,2001,1986,NA
1,6,2001,1987,NA
1,6,2001,1988,NA
1,6,2001,1989,NA
1,6,2001,1990,NA
1,6,2001,1991,NA
1,6,2001,1992,NA
1,6,2001,1993,NA
1,6,2001,1994,NA
1,6,2001,1995,NA
1,6,2001,1996,NA
1,6,2001,1997,NA
1,6,2001,1998,NA
1,6,2001,1999,NA
1,6,2001,2000,NA
1,6,2001,2001,NA
1,6,2001,2002,NA
1,6,2001,2003,NA
1,6,2001,2004,NA
1,6,2001,2005,NA
1,6,2001,2006,NA
1,6,2001,2007,NA
1,6,2001,2008,NA
1,6,2001,2009,NA
1,6,2001,2010,NA
1,6,2001,2011,NA
1,6,2001,2012,NA
1,6,2002,1968,NA
1,6,2002,1969,NA
1,6,2002,1970,NA
1,6,2002,1971,NA
1,6,2002,1972,NA
1,6,2002,1973,NA
1,6,2002,1974,NA
1,6,2002,1975,NA
1,6,2002,1976,NA
1,6,2002,1977,NA
1,6,2002,1978,NA
1,6,2002,1979,NA
1,6,2002,1980,NA
1,6,2002,1981,NA
1,6,2002,1982,NA
1,6,2002,1983,NA
1,6,2002,1984,NA
1,6,2002,1985,NA
1,6,2002,1986,NA
1,6,2002,1987,NA
1,6,2002,1988,NA
1,6,2002,1989,NA
1,6,2002,1990,NA
1,6,2002,1991,NA
1,6,2002,1992,NA
1,6,2002,1993,NA
1,6,2002,1994,NA
1,6,2002,1995,NA
1,6,2002,1996,NA
1,6,2002,1997,NA
1,6,2002,1998,NA
1,6,2002,1999,NA
1,6,2002,2000,NA
1,6,2002,2001,NA
1,6,2002,2002,NA
1,6,2002,2003,NA
1,6,2002,2004,NA
1,6,2002,2005,NA
1,6,2002,2006,NA
1,6,2002,2007,NA
1,6,2002,2008,NA
1,6,2002,2009,NA
1,6,2002,2010,NA
1,6,2002,2011,NA
1,6,2002,2012,NA
1,6,2003,1968,NA
1,6,2003,1969,NA
1,6,2003,1970,NA
1,6,2003,1971,NA
1,6,2003,1972,NA
1,6,2003,1973,NA
1,6,2003,1974,NA
1,6,2003,1975,NA
1,6,2003,1976,NA
1,6,2003,1977,NA
1,6,2003,1978,NA
1,6,2003,1979,NA
1,6,2003,1980,NA
1,6,2003,1981,NA
1,6,2003,1982,NA
1,6,2003,1983,NA
1,6,2003,1984,NA
1,6,2003,1985,NA
1,6,2003,1986,NA
1,6,2003,1987,NA
1,6,2003,1988,NA
1,6,2003,1989,NA
1,6,2003,1990,NA
1,6,2003,1991,NA
1,6,2003,1992,NA
1,6,2003,1993,NA
1,6,2003,1994,NA
1,6,2003,1995,NA
1,6,2003,1996,NA
1,6,2003,1997,NA
1,6,2003,1998,NA
1,6,2003,1999,NA
1,6,2003,2000,NA
1,6,2003,2001,NA
1,6,2003,2002,NA
1,6,2003,2003,NA
1,6,2003,2004,NA
1,6,2003,2005,NA
1,6,2003,2006,NA
1,6,2003,2007,NA
1,6,2003,2008,NA
1,6,2003,2009,NA
1,6,2003,2010,NA
1,6,2003,2011,NA
1,6,2003,2012,NA
1,6,2004,1968,NA
1,6,2004,1969,NA
1,6,2004,1970,NA
1,6,2004,1971,NA
1,6,2004,1972,NA
1,6,2004,1973,NA
1,6,2004,1974,NA
1,6,2004,1975,NA
1,6,2004,1976,NA
1,6,2004,1977,NA
1,6,2004,1978,NA
1,6,2004,1979,NA
1,6,2004,1980,NA
1,6,2004,1981,NA
1,6,2004,1982,NA
1,6,2004,1983,NA
1,6,2004,1984,NA
1,6,2004,1985,NA
1,6,2004,1986,NA
1,6,2004,1987,NA
1,6,2004,1988,NA
1,6,2004,1989,NA
1,6,2004,1990,NA
1,6,2004,1991,NA
1,6,2004,1992,NA
1,6,2004,1993,NA
1,6,2004,1994,NA
1,6,2004,1995,NA
1,6,2004,1996,NA
1,6,2004,1997,NA
1,6,2004,1998,NA
1,6,2004,1999,NA
1,6,2004,2000,NA
1,6,2004,2001,NA
1,6,2004,2002,NA
1,6,2004,2003,NA
1,6,2004,2004,NA
1,6,2004,2005,NA
1,6,2004,2006,NA
1,6,2004,2007,NA
1,6,2004,2008,NA
1,6,2004,2009,NA
1,6,2004,2010,NA
1,6,2004,2011,NA
1,6,2004,2012,NA
1,6,2005,1968,NA
1,6,2005,1969,NA
1,6,2005,1970,NA
1,6,2005,1971,NA
1,6,2005,1972,NA
1,6,2005,1973,NA
1,6,2005,1974,NA
1,6,2005,1975,NA
1,6,2005,1976,NA
1,6,2005,1977,NA
1,6,2005,1978,NA
1,6,2005,1979,NA
1,6,2005,1980,NA
1,6,2005,1981,NA
1,6,2005,1982,NA
1,6,2005,1983,NA
1,6,2005,1984,NA
1,6,2005,1985,NA
1,6,2005,1986,NA
1,6,2005,1987,NA
1,6,2005,1988,NA
1,6,2005,1989,NA
1,6,2005,1990,NA
1,6,2005,1991,NA
1,6,2005,1992,NA
1,6,2005,1993,NA
1,6,2005,1994,NA
1,6,2005,1995,NA
1,6,2005,1996,NA
1,6,2005,1997,NA
1,6,2005,1998,NA
1,6,2005,1999,NA
1,6,2005,2000,NA
1,6,2005,2001,NA
1,6,2005,2002,NA
1,6,2005,2003,NA
1,6,2005,2004,NA
1,6,2005,2005,NA
1,6,2005,2006,NA
1,6,2005,2007,NA
1,6,2005,2008,NA
1,6,2005,2009,NA
1,6,2005,2010,NA
1,6,2005,2011,NA
1,6,2005,2012,NA
1,6,2006,1968,0
1,6,2006,1969,0
1,6,2006,1970,0
1,6,2006,1971,2
1,6,2006,1972,5
1,6,2006,1973,1
1,6,2006,1974,0
1,6,2006,1975,3
1,6,2006,1976,0
1,6,2006,1977,0
1,6,2006,1978,0
1,6,2006,1979,1
1,6,2006,1980,3
1,6,2006,1981,0
1,6,2006,1982,0
1,6,2006,1983,4
1,6,2006,1984,0
1,6,2006,1985,1
1,6,2006,1986,0
1,6,2006,1987,3
1,6,2006,1988,0
1,6,2006,1989,0
1,6,2006,1990,1
1,6,2006,1991,0
1,6,2006,1992,0
1,6,2006,1993,0
1,6,2006,1994,0
1,6,2006,1995,2
1,6,2006,1996,0
1,6,2006,1997,2
1,6,2006,1998,0
1,6,2006,1999,4
1,6,2006,2000,4
1,6,2006,2001,0
1,6,2006,2002,2
1,6,2006,2003,3
1,6,2006,2004,1
1,6,2006,2005,4
1,6,2006,2006,3
1,6,2006,2007,5
1,6,2006,2008,2
1,6,2006,2009,5
1,6,2006,2010,0
1,6,2006,2011,0
1,6,2006,2012,0
1,6,2007,1968,0
1,6,2007,1969,0
1,6,2007,1970,0
1,6,2007,1971,6
1,6,2007,1972,3
1,6,2007,1973,3
1,6,2007,1974,0
1,6,2007,1975,0
1,6,2007,1976,0
1,6,2007,1977,0
1,6,2007,1978,0
1,6,2007,1979,2
1,6,2007,1980,0
1,6,2007,1981,0
1,6,2007,1982,0
1,6,2007,1983,1
1,6,2007,1984,0
1,6,2007,1985,0
1,6,2007,1986,1
1,6,2007,1987,0
1,6,2007,1988,5
1,6,2007,1989,0
1,6,2007,1990,0
1,6,2007,1991,1
1,6,2007,1992,0
1,6,2007,1993,0
1,6,2007,1994,0
1,6,2007,1995,0
1,6,2007,1996,0
1,6,2007,1997,0
1,6,2007,1998,0
1,6,2007,1999,4
1,6,2007,2000,0
1,6,2007,2001,3
1,6,2007,2002,2
1,6,2007,2003,3
1,6,2007,2004,5
1,6,2007,2005,1
1,6,2007,2006,5
1,6,2007,2007,0
1,6,2007,2008,1
1,6,2007,2009,2
1,6,2007,2010,0
1,6,2007,2011,2
1,6,2007,2012,0
1,6,2008,1968,0
1,6,2008,1969,1
1,6,2008,1970,0
1,6,2008,1971,3
1,6,2008,1972,2
1,6,2008,1973,0
1,6,2008,1974,0
1,6,2008,1975,0
1,6,2008,1976,0
1,6,2008,1977,0
1,6,2008,1978,3
1,6,2008,1979,0
1,6,2008,1980,0
1,6,2008,1981,0
1,6,2008,1982,0
1,6,2008,1983,0
1,6,2008,1984,1
1,6,2008,1985,0
1,6,2008,1986,0
1,6,2008,1987,0
1,6,2008,1988,0
1,6,2008,1989,0
1,6,2008,1990,0
1,6,2008,1991,0
1,6,2008,1992,0
1,6,2008,1993,0
1,6,2008,1994,0
1,6,2008,1995,0
1,6,2008,1996,0
1,6,2008,1997,0
1,6,2008,1998,0
1,6,2008,1999,0
1,6,2008,2000,4
1,6,2008,2001,5
1,6,2008,2002,0
1,6,2008,2003,0
1,6,2008,2004,4
1,6,2008,2005,4
1,6,2008,2006,8
1,6,2008,2007,8
1,6,2008,2008,0
1,6,2008,2009,5
1,6,2008,2010,7
1,6,2008,2011,4
1,6,2008,2012,3
1,7,2000,1968,0
1,7,2000,1969,0
1,7,2000,1970,1
1,7,2000,1971,0
1,7,2000,1972,0
1,7,2000,1973,0
1,7,2000,1974,3
1,7,2000,1975,3
1,7,2000,1976,4
1,7,2000,1977,0
1,7,2000,1978,0
1,7,2000,1979,0
1,7,2000,1980,0
1,7,2000,1981,0
1,7,2000,1982,1
1,7,2000,1983,0
1,7,2000,1984,0
1,7,2000,1985,0
1,7,2000,1986,5
1,7,2000,1987,8
1,7,2000,1988,5
1,7,2000,1989,3
1,7,2000,1990,4
1,7,2000,1991,4
1,7,2000,1992,0
1,7,2000,1993,0
1,7,2000,1994,0
1,7,2000,1995,2
1,7,2000,1996,1
1,7,2000,1997,4
1,7,2000,1998,3
1,7,2000,1999,7
1,7,2000,2000,5
1,7,2000,2001,2
1,7,2000,2002,0
1,7,2000,2003,0
1,7,2000,2004,0
1,7,2000,2005,0
1,7,2000,2006,3
1,7,2000,2007,2
1,7,2000,2008,0
1,7,2000,2009,0
1,7,2000,2010,0
1,7,2000,2011,0
1,7,2000,2012,1
1,7,2001,1968,0
1,7,2001,1969,0
1,7,2001,1970,0
1,7,2001,1971,0
1,7,2001,1972,0
1,7,2001,1973,1
1,7,2001,1974,0
1,7,2001,1975,0
1,7,2001,1976,0
1,7,2001,1977,1
1,7,2001,1978,0
1,7,2001,1979,0
1,7,2001,1980,0
1,7,2001,1981,6
1,7,2001,1982,1
1,7,2001,1983,0
1,7,2001,1984,0
1,7,2001,1985,1
1,7,2001,1986,4
1,7,2001,1987,5
1,7,2001,1988,4
1,7,2001,1989,1
1,7,2001,1990,3
1,7,2001,1991,0
1,7,2001,1992,0
1,7,2001,1993,0
1,7,2001,1994,0
1,7,2001,1995,2
1,7,2001,1996,0
1,7,2001,1997,4
1,7,2001,1998,4
1,7,2001,1999,8
1,7,2001,2000,8
1,7,2001,2001,8
1,7,2001,2002,6
1,7,2001,2003,1
1,7,2001,2004,0
1,7,2001,2005,0
1,7,2001,2006,0
1,7,2001,2007,0
1,7,2001,2008,0
1,7,2001,2009,0
1,7,2001,2010,0
1,7,2001,2011,0
1,7,2001,2012,0
1,7,2002,1968,1
1,7,2002,1969,0
1,7,2002,1970,1
1,7,2002,1971,0
1,7,2002,1972,0
1,7,2002,1973,0
1,7,2002,1974,1
1,7,2002,1975,1
1,7,2002,1976,0
1,7,2002,1977,0
1,7,2002,1978,0
1,7,2002,1979,4
1,7,2002,1980,0
1,7,2002,1981,0
1,7,2002,1982,0
1,7,2002,1983,0
1,7,2002,1984,0
1,7,2002,1985,0
1,7,2002,1986,4
1,7,2002,1987,0
1,7,2002,1988,0
1,7,2002,1989,1
1,7,2002,1990,1
1,7,2002,1991,2
1,7,2002,1992,0
1,7,2002,1993,1
1,7,2002,1994,1
1,7,2002,1995,0
1,7,2002,1996,4
1,7,2002,1997,2
1,7,2002,1998,6
1,7,2002,1999,4
1,7,2002,2000,8
1,7,2002,2001,8
1,7,2002,2002,0
1,7,2002,2003,0
1,7,2002,2004,4
1,7,2002,2005,0
1,7,2002,2006,2
1,7,2002,2007,0
1,7,2002,2008,2
1,7,2002,2009,2
1,7,2002,2010,0
1,7,2002,2011,0
1,7,2002,2012,1
1,7,2003,1968,NA
1,7,2003,1969,NA
1,7,2003,1970,NA
1,7,2003,1971,NA
1,7,2003,1972,NA
1,7,2003,1973,NA
1,7,2003,1974,NA
1,7,2003,1975,NA
1,7,2003,1976,NA
1,7,2003,1977,NA
1,7,2003,1978,NA
1,7,2003,1979,NA
1,7,2003,1980,NA
1,7,2003,1981,NA
1,7,2003,1982,NA
1,7,2003,1983,NA
1,7,2003,1984,NA
1,7,2003,1985,NA
1,7,2003,1986,NA
1,7,2003,1987,NA
1,7,2003,1988,NA
1,7,2003,1989,NA
1,7,2003,1990,NA
1,7,2003,1991,NA
1,7,2003,1992,NA
1,7,2003,1993,NA
1,7,2003,1994,NA
1,7,2003,1995,NA
1,7,2003,1996,NA
1,7,2003,1997,NA
1,7,2003,1998,NA
1,7,2003,1999,NA
1,7,2003,2000,NA
1,7,2003,2001,NA
1,7,2003,2002,NA
1,7,2003,2003,NA
1,7,2003,2004,NA
1,7,2003,2005,NA
1,7,2003,2006,NA
1,7,2003,2007,NA
1,7,2003,2008,NA
1,7,2003,2009,NA
1,7,2003,2010,NA
1,7,2003,2011,NA
1,7,2003,2012,NA
1,7,2004,1968,0
1,7,2004,1969,0
1,7,2004,1970,2
1,7,2004,1971,0
1,7,2004,1972,1
1,7,2004,1973,0
1,7,2004,1974,0
1,7,2004,1975,0
1,7,2004,1976,3
1,7,2004,1977,0
1,7,2004,1978,0
1,7,2004,1979,0
1,7,2004,1980,0
1,7,2004,1981,0
1,7,2004,1982,3
1,7,2004,1983,0
1,7,2004,1984,1
1,7,2004,1985,0
1,7,2004,1986,3
1,7,2004,1987,8
1,7,2004,1988,5
1,7,2004,1989,4
1,7,2004,1990,0
1,7,2004,1991,2
1,7,2004,1992,0
1,7,2004,1993,2
1,7,2004,1994,0
1,7,2004,1995,0
1,7,2004,1996,0
1,7,2004,1997,1
1,7,2004,1998,6
1,7,2004,1999,6
1,7,2004,2000,7
1,7,2004,2001,7
1,7,2004,2002,2
1,7,2004,2003,3
1,7,2004,2004,3
1,7,2004,2005,5
1,7,2004,2006,5
1,7,2004,2007,1
1,7,2004,2008,0
1,7,2004,2009,0
1,7,2004,2010,0
1,7,2004,2011,0
1,7,2004,2012,1
1,7,2005,1968,0
1,7,2005,1969,0
1,7,2005,1970,0
1,7,2005,1971,0
1,7,2005,1972,0
1,7,2005,1973,1
1,7,2005,1974,0
1,7,2005,1975,0
1,7,2005,1976,2
1,7,2005,1977,0
1,7,2005,1978,0
1,7,2005,1979,2
1,7,2005,1980,0
1,7,2005,1981,0
1,7,2005,1982,0
1,7,2005,1983,2
1,7,2005,1984,0
1,7,2005,1985,2
1,7,2005,1986,8
1,7,2005,1987,5
1,7,2005,1988,8
1,7,2005,1989,6
1,7,2005,1990,5
1,7,2005,1991,2
1,7,2005,1992,3
1,7,2005,1993,3
1,7,2005,1994,2
1,7,2005,1995,0
1,7,2005,1996,0
1,7,2005,1997,3
1,7,2005,1998,3
1,7,2005,1999,5
1,7,2005,2000,5
1,7,2005,2001,0
1,7,2005,2002,3
1,7,2005,2003,6
1,7,2005,2004,7
1,7,2005,2005,3
1,7,2005,2006,6
1,7,2005,2007,0
1,7,2005,2008,0
1,7,2005,2009,0
1,7,2005,2010,1
1,7,2005,2011,0
1,7,2005,2012,3
1,7,2006,1968,0
1,7,2006,1969,0
1,7,2006,1970,0
1,7,2006,1971,3
1,7,2006,1972,0
1,7,2006,1973,0
1,7,2006,1974,0
1,7,2006,1975,0
1,7,2006,1976,1
1,7,2006,1977,0
1,7,2006,1978,0
1,7,2006,1979,3
1,7,2006,1980,0
1,7,2006,1981,0
1,7,2006,1982,0
1,7,2006,1983,0
1,7,2006,1984,0
1,7,2006,1985,0
1,7,2006,1986,5
1,7,2006,1987,7
1,7,2006,1988,7
1,7,2006,1989,4
1,7,2006,1990,2
1,7,2006,1991,4
1,7,2006,1992,0
1,7,2006,1993,3
1,7,2006,1994,0
1,7,2006,1995,0
1,7,2006,1996,2
1,7,2006,1997,2
1,7,2006,1998,0
1,7,2006,1999,0
1,7,2006,2000,7
1,7,2006,2001,0
1,7,2006,2002,7
1,7,2006,2003,7
1,7,2006,2004,6
1,7,2006,2005,4
1,7,2006,2006,3
1,7,2006,2007,2
1,7,2006,2008,5
1,7,2006,2009,0
1,7,2006,2010,0
1,7,2006,2011,2
1,7,2006,2012,3
1,7,2007,1968,0
1,7,2007,1969,0
1,7,2007,1970,0
1,7,2007,1971,0
1,7,2007,1972,0
1,7,2007,1973,0
1,7,2007,1974,0
1,7,2007,1975,1
1,7,2007,1976,2
1,7,2007,1977,3
1,7,2007,1978,3
1,7,2007,1979,2
1,7,2007,1980,0
1,7,2007,1981,0
1,7,2007,1982,0
1,7,2007,1983,0
1,7,2007,1984,0
1,7,2007,1985,0
1,7,2007,1986,5
1,7,2007,1987,4
1,7,2007,1988,8
1,7,2007,1989,5
1,7,2007,1990,1
1,7,2007,1991,0
1,7,2007,1992,0
1,7,2007,1993,2
1,7,2007,1994,0
1,7,2007,1995,1
1,7,2007,1996,0
1,7,2007,1997,0
1,7,2007,1998,0
1,7,2007,1999,0
1,7,2007,2000,3
1,7,2007,2001,8
1,7,2007,2002,6
1,7,2007,2003,4
1,7,2007,2004,5
1,7,2007,2005,6
1,7,2007,2006,0
1,7,2007,2007,4
1,7,2007,2008,0
1,7,2007,2009,0
1,7,2007,2010,0
1,7,2007,2011,4
1,7,2007,2012,0
1,7,2008,1968,NA
1,7,2008,1969,NA
1,7,2008,1970,NA
1,7,2008,1971,NA
1,7,2008,1972,NA
1,7,2008,1973,NA
1,7,2008,1974,NA
1,7,2008,1975,NA
1,7,2008,1976,NA
1,7,2008,1977,NA
1,7,2008,1978,NA
1,7,2008,1979,NA
1,7,2008,1980,NA
1,7,2008,1981,NA
1,7,2008,1982,NA
1,7,2008,1983,NA
1,7,2008,1984,NA
1,7,2008,1985,NA
1,7,2008,1986,NA
1,7,2008,1987,NA
1,7,2008,1988,NA
1,7,2008,1989,NA
1,7,2008,1990,NA
1,7,2008,1991,NA
1,7,2008,1992,NA
1,7,2008,1993,NA
1,7,2008,1994,NA
1,7,2008,1995,NA
1,7,2008,1996,NA
1,7,2008,1997,NA
1,7,2008,1998,NA
1,7,2008,1999,NA
1,7,2008,2000,NA
1,7,2008,2001,NA
1,7,2008,2002,NA
1,7,2008,2003,NA
1,7,2008,2004,NA
1,7,2008,2005,NA
1,7,2008,2006,NA
1,7,2008,2007,NA
1,7,2008,2008,NA
1,7,2008,2009,NA
1,7,2008,2010,NA
1,7,2008,2011,NA
1,7,2008,2012,NA
1,8,2000,1968,0
1,8,2000,1969,0
1,8,2000,1970,0
1,8,2000,1971,0
1,8,2000,1972,0
1,8,2000,1973,0
1,8,2000,1974,2
1,8,2000,1975,2
1,8,2000,1976,7
1,8,2000,1977,4
1,8,2000,1978,6
1,8,2000,1979,0
1,8,2000,1980,3
1,8,2000,1981,7
1,8,2000,1982,0
1,8,2000,1983,0
1,8,2000,1984,0
1,8,2000,1985,0
1,8,2000,1986,0
1,8,2000,1987,3
1,8,2000,1988,0
1,8,2000,1989,0
1,8,2000,1990,0
1,8,2000,1991,1
1,8,2000,1992,1
1,8,2000,1993,0
1,8,2000,1994,1
1,8,2000,1995,3
1,8,2000,1996,2
1,8,2000,1997,2
1,8,2000,1998,0
1,8,2000,1999,2
1,8,2000,2000,2
1,8,2000,2001,0
1,8,2000,2002,0
1,8,2000,2003,2
1,8,2000,2004,0
1,8,2000,2005,3
1,8,2000,2006,0
1,8,2000,2007,2
1,8,2000,2008,0
1,8,2000,2009,0
1,8,2000,2010,3
1,8,2000,2011,2
1,8,2000,2012,0
1,8,2001,1968,0
1,8,2001,1969,2
1,8,2001,1970,0
1,8,2001,1971,0
1,8,2001,1972,0
1,8,2001,1973,0
1,8,2001,1974,1
1,8,2001,1975,3
1,8,2001,1976,5
1,8,2001,1977,7
1,8,2001,1978,8
1,8,2001,1979,0
1,8,2001,1980,3
1,8,2001,1981,1
1,8,2001,1982,1
1,8,2001,1983,0
1,8,2001,1984,0
1,8,2001,1985,0
1,8,2001,1986,0
1,8,2001,1987,0
1,8,2001,1988,0
1,8,2001,1989,0
1,8,2001,1990,0
1,8,2001,1991,2
1,8,2001,1992,0
1,8,2001,1993,1
1,8,2001,1994,4
1,8,2001,1995,5
1,8,2001,1996,3
1,8,2001,1997,1
1,8,2001,1998,0
1,8,2001,1999,5
1,8,2001,2000,6
1,8,2001,2001,5
1,8,2001,2002,5
1,8,2001,2003,2
1,8,2001,2004,0
1,8,2001,2005,4
1,8,2001,2006,0
1,8,2001,2007,0
1,8,2001,2008,2
1,8,2001,2009,0
1,8,2001,2010,0
1,8,2001,2011,3
1,8,2001,2012,2
1,8,2002,1968,0
1,8,2002,1969,0
1,8,2002,1970,0
1,8,2002,1971,0
1,8,2002,1972,0
1,8,2002,1973,4
1,8,2002,1974,0
1,8,2002,1975,4
1,8,2002,1976,0
1,8,2002,1977,0
1,8,2002,1978,4
1,8,2002,1979,3
1,8,2002,1980,0
1,8,2002,1981,3
1,8,2002,1982,1
1,8,2002,1983,0
1,8,2002,1984,0
1,8,2002,1985,0
1,8,2002,1986,0
1,8,2002,1987,0
1,8,2002,1988,2
1,8,2002,1989,0
1,8,2002,1990,1
1,8,2002,1991,0
1,8,2002,1992,0
1,8,2002,1993,0
1,8,2002,1994,5
1,8,2002,1995,6
1,8,2002,1996,5
1,8,2002,1997,0
1,8,2002,1998,3
1,8,2002,1999,3
1,8,2002,2000,7
1,8,2002,2001,6
1,8,2002,2002,3
1,8,2002,2003,0
1,8,2002,2004,0
1,8,2002,2005,0
1,8,2002,2006,0
1,8,2002,2007,0
1,8,2002,2008,0
1,8,2002,2009,0
1,8,2002,2010,0
1,8,2002,2011,0
1,8,2002,2012,2
1,8,2003,1968,0
1,8,2003,1969,1
1,8,2003,1970,0
1,8,2003,1971,0
1,8,2003,1972,0
1,8,2003,1973,2
1,8,2003,1974,3
1,8,2003,1975,4
1,8,2003,1976,7
1,8,2003,1977,5
1,8,2003,1978,3
1,8,2003,1979,8
1,8,2003,1980,4
1,8,2003,1981,0
1,8,2003,1982,0
1,8,2003,1983,0
1,8,2003,1984,1
1,8,2003,1985,0
1,8,2003,1986,0
1,8,2003,1987,0
1,8,2003,1988,0
1,8,2003,1989,0
1,8,2003,1990,0
1,8,2003,1991,0
1,8,2003,1992,0
1,8,2003,1993,0
1,8,2003,1994,5
1,8,2003,1995,0
1,8,2003,1996,0
1,8,2003,1997,3
1,8,2003,1998,0
1,8,2003,1999,5
1,8,2003,2000,6
1,8,2003,2001,4
1,8,2003,2002,4
1,8,2003,2003,2
1,8,2003,2004,3
1,8,2003,2005,0
1,8,2003,2006,4
1,8,2003,2007,0
1,8,2003,2008,0
1,8,2003,2009,0
1,8,2003,2010,0
1,8,2003,2011,0
1,8,2003,2012,0
1,8,2004,1968,3
1,8,2004,1969,0
1,8,2004,1970,0
1,8,2004,1971,0
1,8,2004,1972,0
1,8,2004,1973,0
1,8,2004,1974,2
1,8,2004,1975,4
1,8,2004,1976,7
1,8,2004,1977,6
1,8,2004,1978,6
1,8,2004,1979,7
1,8,2004,1980,0
1,8,2004,1981,3
1,8,2004,1982,4
1,8,2004,1983,4
1,8,2004,1984,1
1,8,2004,1985,0
1,8,2004,1986,0
1,8,2004,1987,0
1,8,2004,1988,2
1,8,2004,1989,0
1,8,2004,1990,0
1,8,2004,1991,0
1,8,2004,1992,0
1,8,2004,1993,3
1,8,2004,1994,5
1,8,2004,1995,0
1,8,2004,1996,0
1,8,2004,1997,2
1,8,2004,1998,0
1,8,2004,1999,5
1,8,2004,2000,0
1,8,2004,2001,6
1,8,2004,2002,4
1,8,2004,2003,0
1,8,2004,2004,0
1,8,2004,2005,0
1,8,2004,2006,5
1,8,2004,2007,4
1,8,2004,2008,1
1,8,2004,2009,0
1,8,2004,2010,0
1,8,2004,2011,1
1,8,2004,2012,0
1,8,2005,1968,NA
1,8,2005,1969,NA
1,8,2005,1970,NA
1,8,2005,1971,NA
1,8,2005,1972,NA
1,8,2005,1973,NA
1,8,2005,1974,NA
1,8,2005,1975,NA
1,8,2005,1976,NA
1,8,2005,1977,NA
1,8,2005,1978,NA
1,8,2005,1979,NA
1,8,2005,1980,NA
1,8,2005,1981,NA
1,8,2005,1982,NA
1,8,2005,1983,NA
1,8,2005,1984,NA
1,8,2005,1985,NA
1,8,2005,1986,NA
1,8,2005,1987,NA
1,8,2005,1988,NA
1,8,2005,1989,NA
1,8,2005,1990,NA
1,8,2005,1991,NA
1,8,2005,1992,NA
1,8,2005,1993,NA
1,8,2005,1994,NA
1,8,2005,1995,NA
1,8,2005,1996,NA
1,8,2005,1997,NA
1,8,2005,1998,NA
1,8,2005,1999,NA
1,8,2005,2000,NA
1,8,2005,2001,NA
1,8,2005,2002,NA
1,8,2005,2003,NA
1,8,2005,2004,NA
1,8,2005,2005,NA
1,8,2005,2006,NA
1,8,2005,2007,NA
1,8,2005,2008,NA
1,8,2005,2009,NA
1,8,2005,2010,NA
1,8,2005,2011,NA
1,8,2005,2012,NA
1,8,2006,1968,NA
1,8,2006,1969,NA
1,8,2006,1970,NA
1,8,2006,1971,NA
1,8,2006,1972,NA
1,8,2006,1973,NA
1,8,2006,1974,NA
1,8,2006,1975,NA
1,8,2006,1976,NA
1,8,2006,1977,NA
1,8,2006,1978,NA
1,8,2006,1979,NA
1,8,2006,1980,NA
1,8,2006,1981,NA
1,8,2006,1982,NA
1,8,2006,1983,NA
1,8,2006,1984,NA
1,8,2006,1985,NA
1,8,2006,1986,NA
1,8,2006,1987,NA
1,8,2006,1988,NA
1,8,2006,1989,NA
1,8,2006,1990,NA
1,8,2006,1991,NA
1,8,2006,1992,NA
1,8,2006,1993,NA
1,8,2006,1994,NA
1,8,2006,1995,NA
1,8,2006,1996,NA
1,8,2006,1997,NA
1,8,2006,1998,NA
1,8,2006,1999,NA
1,8,2006,2000,NA
1,8,2006,2001,NA
1,8,2006,2002,NA
1,8,2006,2003,NA
1,8,2006,2004,NA
1,8,2006,2005,NA
1,8,2006,2006,NA
1,8,2006,2007,NA
1,8,2006,2008,NA
1,8,2006,2009,NA
1,8,2006,2010,NA
1,8,2006,2011,NA
1,8,2006,2012,NA
1,8,2007,1968,0
1,8,2007,1969,0
1,8,2007,1970,0
1,8,2007,1971,0
1,8,2007,1972,0
1,8,2007,1973,0
1,8,2007,1974,2
1,8,2007,1975,5
1,8,2007,1976,0
1,8,2007,1977,8
1,8,2007,1978,3
1,8,2007,1979,3
1,8,2007,1980,0
1,8,2007,1981,1
1,8,2007,1982,3
1,8,2007,1983,4
1,8,2007,1984,0
1,8,2007,1985,0
1,8,2007,1986,0
1,8,2007,1987,0
1,8,2007,1988,1
1,8,2007,1989,0
1,8,2007,1990,0
1,8,2007,1991,0
1,8,2007,1992,2
1,8,2007,1993,4
1,8,2007,1994,3
1,8,2007,1995,0
1,8,2007,1996,0
1,8,2007,1997,0
1,8,2007,1998,0
1,8,2007,1999,3
1,8,2007,2000,8
1,8,2007,2001,4
1,8,2007,2002,5
1,8,2007,2003,0
1,8,2007,2004,2
1,8,2007,2005,5
1,8,2007,2006,5
1,8,2007,2007,2
1,8,2007,2008,0
1,8,2007,2009,0
1,8,2007,2010,0
1,8,2007,2011,0
1,8,2007,2012,1
1,8,2008,1968,1
1,8,2008,1969,0
1,8,2008,1970,1
1,8,2008,1971,0
1,8,2008,1972,0
1,8,2008,1973,0
1,8,2008,1974,5
1,8,2008,1975,5
1,8,2008,1976,7
1,8,2008,1977,8
1,8,2008,1978,7
1,8,2008,1979,8
1,8,2008,1980,8
1,8,2008,1981,0
1,8,2008,1982,3
1,8,2008,1983,2
1,8,2008,1984,0
1,8,2008,1985,2
1,8,2008,1986,3
1,8,2008,1987,1
1,8,2008,1988,0
1,8,2008,1989,0
1,8,2008,1990,3
1,8,2008,1991,0
1,8,2008,1992,0
1,8,2008,1993,2
1,8,2008,1994,1
1,8,2008,1995,1
1,8,2008,1996,1
1,8,2008,1997,1
1,8,2008,1998,3
1,8,2008,1999,5
1,8,2008,2000,3
1,8,2008,2001,0
1,8,2008,2002,4
1,8,2008,2003,1
1,8,2008,2004,2
1,8,2008,2005,4
1,8,2008,2006,0
1,8,2008,2007,0
1,8,2008,2008,2
1,8,2008,2009,0
1,8,2008,2010,2
1,8,2008,2011,0
1,8,2008,2012,0
1,9,2000,1968,NA
1,9,2000,1969,NA
1,9,2000,1970,NA
1,9,2000,1971,NA
1,9,2000,1972,NA
1,9,2000,1973,NA
1,9,2000,1974,NA
1,9,2000,1975,NA
1,9,2000,1976,NA
1,9,2000,1977,NA
1,9,2000,1978,NA
1,9,2000,1979,NA
1,9,2000,1980,NA
1,9,2000,1981,NA
1,9,2000,1982,NA
1,9,2000,1983,NA
1,9,2000,1984,NA
1,9,2000,1985,NA
1,9,2000,1986,NA
1,9,2000,1987,NA
1,9,2000,1988,NA
1,9,2000,1989,NA
1,9,2000,1990,NA
1,9,2000,1991,NA
1,9,2000,1992,NA
1,9,2000,1993,NA
1,9,2000,1994,NA
1,9,2000,1995,NA
1,9,2000,1996,NA
1,9,2000,1997,NA
1,9,2000,1998,NA
1,9,2000,1999,NA
1,9,2000,2000,NA
1,9,2000,2001,NA
1,9,2000,2002,NA
1,9,2000,2003,NA
1,9,2000,2004,NA
1,9,2000,2005,NA
1,9,2000,2006,NA
1,9,2000,2007,NA
1,9,2000,2008,NA
1,9,2000,2009,NA
1,9,2000,2010,NA
1,9,2000,2011,NA
1,9,2000,2012,NA
1,9,2001,1968,NA
1,9,2001,1969,NA
1,9,2001,1970,NA
1,9,2001,1971,NA
1,9,2001,1972,NA
1,9,2001,1973,NA
1,9,2001,1974,NA
1,9,2001,1975,NA
1,9,2001,1976,NA
1,9,2001,1977,NA
1,9,2001,1978,NA
1,9,2001,1979,NA
1,9,2001,1980,NA
1,9,2001,1981,NA
1,9,2001,1982,NA
1,9,2001,1983,NA
1,9,2001,1984,NA
1,9,2001,1985,NA
1,9,2001,1986,NA
1,9,2001,1987,NA
1,9,2001,1988,NA
1,9,2001,1989,NA
1,9,2001,1990,NA
1,9,2001,1991,NA
1,9,2001,1992,NA
1,9,2001,1993,NA
1,9,2001,1994,NA
1,9,2001,1995,NA
1,9,2001,1996,NA
1,9,2001,1997,NA
1,9,2001,1998,NA
1,9,2001,1999,NA
1,9,2001,2000,NA
1,9,2001,2001,NA
1,9,2001,2002,NA
1,9,2001,2003,NA
1,9,2001,2004,NA
1,9,2001,2005,NA
1,9,2001,2006,NA
1,9,2001,2007,NA
1,9,2001,2008,NA
1,9,2001,2009,NA
1,9,2001,2010,NA
1,9,2001,2011,NA
1,9,2001,2012,NA
1,9,2002,1968,NA
1,9,2002,1969,NA
1,9,2002,1970,NA
1,9,2002,1971,NA
1,9,2002,1972,NA
1,9,2002,1973,NA
1,9,2002,1974,NA
1,9,2002,1975,NA
1,9,2002,1976,NA
1,9,2002,1977,NA
1,9,2002,1978,NA
1,9,2002,1979,NA
1,9,2002,1980,NA
1,9,2002,1981,NA
1,9,2002,1982,NA
1,9,2002,1983,NA
1,9,2002,1984,NA
1,9,2002,1985,NA
1,9,2002,1986,NA
1,9,2002,1987,NA
1,9,2002,1988,NA
1,9,2002,1989,NA
1,9,2002,1990,NA
1,9,2002,1991,NA
1,9,2002,1992,NA
1,9,2002,1993,NA
1,9,2002,1994,NA
1,9,2002,1995,NA
1,9,2002,1996,NA
1,9,2002,1997,NA
1,9,2002,1998,NA
1,9,2002,1999,NA
1,9,2002,2000,NA
1,9,2002,2001,NA
1,9,2002,2002,NA
1,9,2002,2003,NA
1,9,2002,2004,NA
1,9,2002,2005,NA
1,9,2002,2006,NA
1,9,2002,2007,NA
1,9,2002,2008,NA
1,9,2002,2009,NA
1,9,2002,2010,NA
1,9,2002,2011,NA
1,9,2002,2012,NA
1,9,2003,1968,0
1,9,2003,1969,0
1,9,2003,1970,0
1,9,2003,1971,0
1,9,2003,1972,0
1,9,2003,1973,3
1,9,2003,1974,1
1,9,2003,1975,0
1,9,2003,1976,0
1,9,2003,1977,0
1,9,2003,1978,0
1,9,2003,1979,0
1,9,2003,1980,1
1,9,2003,1981,0
1,9,2003,1982,0
1,9,2003,1983,1
1,9,2003,1984,0
1,9,2003,1985,0
1,9,2003,1986,0
1,9,2003,1987,0
1,9,2003,1988,3
1,9,2003,1989,0
1,9,2003,1990,1
1,9,2003,1991,0
1,9,2003,1992,0
1,9,2003,1993,0
1,9,2003,1994,0
1,9,2003,1995,0
1,9,2003,1996,0
1,9,2003,1997,6
1,9,2003,1998,3
1,9,2003,1999,5
1,9,2003,2000,0
1,9,2003,2001,0
1,9,2003,2002,3
1,9,2003,2003,0
1,9,2003,2004,0
1,9,2003,2005,0
1,9,2003,2006,2
1,9,2003,2007,0
1,9,2003,2008,0
1,9,2003,2009,0
1,9,2003,2010,0
1,9,2003,2011,0
1,9,2003,2012,0
1,9,2004,1968,NA
1,9,2004,1969,NA
1,9,2004,1970,NA
1,9,2004,1971,NA
1,9,2004,1972,NA
1,9,2004,1973,NA
1,9,2004,1974,NA
1,9,2004,1975,NA
1,9,2004,1976,NA
1,9,2004,1977,NA
1,9,2004,1978,NA
1,9,2004,1979,NA
1,9,2004,1980,NA
1,9,2004,1981,NA
1,9,2004,1982,NA
1,9,2004,1983,NA
1,9,2004,1984,NA
1,9,2004,1985,NA
1,9,2004,1986,NA
1,9,2004,1987,NA
1,9,2004,1988,NA
1,9,2004,1989,NA
1,9,2004,1990,NA
1,9,2004,1991,NA
1,9,2004,1992,NA
1,9,2004,1993,NA
1,9,2004,1994,NA
1,9,2004,1995,NA
1,9,2004,1996,NA
1,9,2004,1997,NA
1,9,2004,1998,NA
1,9,2004,1999,NA
1,9,2004,2000,NA
1,9,2004,2001,NA
1,9,2004,2002,NA
1,9,2004,2003,NA
1,9,2004,2004,NA
1,9,2004,2005,NA
1,9,2004,2006,NA
1,9,2004,2007,NA
1,9,2004,2008,NA
1,9,2004,2009,NA
1,9,2004,2010,NA
1,9,2004,2011,NA
1,9,2004,2012,NA
1,9,2005,1968,0
1,9,2005,1969,0
1,9,2005,1970,0
1,9,2005,1971,1
1,9,2005,1972,0
1,9,2005,1973,0
1,9,2005,1974,0
1,9,2005,1975,2
1,9,2005,1976,0
1,9,2005,1977,3
1,9,2005,1978,1
1,9,2005,1979,0
1,9,2005,1980,0
1,9,2005,1981,0
1,9,2005,1982,1
1,9,2005,1983,0
1,9,2005,1984,0
1,9,2005,1985,0
1,9,2005,1986,0
1,9,2005,1987,3
1,9,2005,1988,0
1,9,2005,1989,1
1,9,2005,1990,2
1,9,2005,1991,0
1,9,2005,1992,0
1,9,2005,1993,0
1,9,2005,1994,0
1,9,2005,1995,2
1,9,2005,1996,0
1,9,2005,1997,4
1,9,2005,1998,7
1,9,2005,1999,8
1,9,2005,2000,5
1,9,2005,2001,3
1,9,2005,2002,1
1,9,2005,2003,3
1,9,2005,2004,0
1,9,2005,2005,0
1,9,2005,2006,0
1,9,2005,2007,0
1,9,2005,2008,1
1,9,2005,2009,1
1,9,2005,2010,0
1,9,2005,2011,0
1,9,2005,2012,0
1,9,2006,1968,0
1,9,2006,1969,0
1,9,2006,1970,1
1,9,2006,1971,0
1,9,2006,1972,0
1,9,2006,1973,0
1,9,2006,1974,0
1,9,2006,1975,0
1,9,2006,1976,1
1,9,2006,1977,0
1,9,2006,1978,2
1,9,2006,1979,0
1,9,2006,1980,0
1,9,2006,1981,0
1,9,2006,1982,0
1,9,2006,1983,1
1,9,2006,1984,0
1,9,2006,1985,0
1,9,2006,1986,0
1,9,2006,1987,0
1,9,2006,1988,2
1,9,2006,1989,0
1,9,2006,1990,1
1,9,2006,1991,4
1,9,2006,1992,0
1,9,2006,1993,0
1,9,2006,1994,0
1,9,2006,1995,0
1,9,2006,1996,4
1,9,2006,1997,3
1,9,2006,1998,0
1,9,2006,1999,3
1,9,2006,2000,8
1,9,2006,2001,4
1,9,2006,2002,0
1,9,2006,2003,7
1,9,2006,2004,3
1,9,2006,2005,6
1,9,2006,2006,4
1,9,2006,2007,2
1,9,2006,2008,1
1,9,2006,2009,4
1,9,2006,2010,1
1,9,2006,2011,0
1,9,2006,2012,1
1,9,2007,1968,0
1,9,2007,1969,0
1,9,2007,1970,0
1,9,2007,1971,0
1,9,2007,1972,0
1,9,2007,1973,0
1,9,2007,1974,0
1,9,2007,1975,1
1,9,2007,1976,0
1,9,2007,1977,0
1,9,2007,1978,0
1,9,2007,1979,0
1,9,2007,1980,0
1,9,2007,1981,1
1,9,2007,1982,1
1,9,2007,1983,0
1,9,2007,1984,0
1,9,2007,1985,1
1,9,2007,1986,3
1,9,2007,1987,0
1,9,2007,1988,0
1,9,2007,1989,0
1,9,2007,1990,2
1,9,2007,1991,3
1,9,2007,1992,1
1,9,2007,1993,1
1,9,2007,1994,1
1,9,2007,1995,0
1,9,2007,1996,0
1,9,2007,1997,2
1,9,2007,1998,2
1,9,2007,1999,7
1,9,2007,2000,7
1,9,2007,2001,2
1,9,2007,2002,1
1,9,2007,2003,0
1,9,2007,2004,0
1,9,2007,2005,5
1,9,2007,2006,6
1,9,2007,2007,3
1,9,2007,2008,2
1,9,2007,2009,2
1,9,2007,2010,2
1,9,2007,2011,0
1,9,2007,2012,0
1,9,2008,1968,NA
1,9,2008,1969,NA
1,9,2008,1970,NA
1,9,2008,1971,NA
1,9,2008,1972,NA
1,9,2008,1973,NA
1,9,2008,1974,NA
1,9,2008,1975,NA
1,9,2008,1976,NA
1,9,2008,1977,NA
1,9,2008,1978,NA
1,9,2008,1979,NA
1,9,2008,1980,NA
1,9,2008,1981,NA
1,9,2008,1982,NA
1,9,2008,1983,NA
1,9,2008,1984,NA
1,9,2008,1985,NA
1,9,2008,1986,NA
1,9,2008,1987,NA
1,9,2008,1988,NA
1,9,2008,1989,NA
1,9,2008,1990,NA
1,9,2008,1991,NA
1,9,2008,1992,NA
1,9,2008,1993,NA
1,9,2008,1994,NA
1,9,2008,1995,NA
1,9,2008,1996,NA
1,9,2008,1997,NA
1,9,2008,1998,NA
1,9,2008,1999,NA
1,9,2008,2000,NA
1,9,2008,2001,NA
1,9,2008,2002,NA
1,9,2008,2003,NA
1,9,2008,2004,NA
1,9,2008,2005,NA
1,9,2008,2006,NA
1,9,2008,2007,NA
1,9,2008,2008,NA
1,9,2008,2009,NA
1,9,2008,2010,NA
1,9,2008,2011,NA
1,9,2008,2012,NA
1,10,2000,1968,1
1,10,2000,1969,0
1,10,2000,1970,0
1,10,2000,1971,0
1,10,2000,1972,0
1,10,2000,1973,0
1,10,2000,1974,0
1,10,2000,1975,0
1,10,2000,1976,2
1,10,2000,1977,1
1,10,2000,1978,3
1,10,2000,1979,2
1,10,2000,1980,0
1,10,2000,1981,0
1,10,2000,1982,0
1,10,2000,1983,0
1,10,2000,1984,0
1,10,2000,1985,0
1,10,2000,1986,2
1,10,2000,1987,0
1,10,2000,1988,0
1,10,2000,1989,0
1,10,2000,1990,0
1,10,2000,1991,1
1,10,2000,1992,0
1,10,2000,1993,0
1,10,2000,1994,0
1,10,2000,1995,1
1,10,2000,1996,0
1,10,2000,1997,1
1,10,2000,1998,0
1,10,2000,1999,0
1,10,2000,2000,1
1,10,2000,2001,0
1,10,2000,2002,0
1,10,2000,2003,0
1,10,2000,2004,0
1,10,2000,2005,0
1,10,2000,2006,0
1,10,2000,2007,0
1,10,2000,2008,0
1,10,2000,2009,3
1,10,2000,2010,1
1,10,2000,2011,0
1,10,2000,2012,0
1,10,2001,1968,NA
1,10,2001,1969,NA
1,10,2001,1970,NA
1,10,2001,1971,NA
1,10,2001,1972,NA
1,10,2001,1973,NA
1,10,2001,1974,NA
1,10,2001,1975,NA
1,10,2001,1976,NA
1,10,2001,1977,NA
1,10,2001,1978,NA
1,10,2001,1979,NA
1,10,2001,1980,NA
1,10,2001,1981,NA
1,10,2001,1982,NA
1,10,2001,1983,NA
1,10,2001,1984,NA
1,10,2001,1985,NA
1,10,2001,1986,NA
1,10,2001,1987,NA
1,10,2001,1988,NA
1,10,2001,1989,NA
1,10,2001,1990,NA
1,10,2001,1991,NA
1,10,2001,1992,NA
1,10,2001,1993,NA
1,10,2001,1994,NA
1,10,2001,1995,NA
1,10,2001,1996,NA
1,10,2001,1997,NA
1,10,2001,1998,NA
1,10,2001,1999,NA
1,10,2001,2000,NA
1,10,2001,2001,NA
1,10,2001,2002,NA
1,10,2001,2003,NA
1,10,2001,2004,NA
1,10,2001,2005,NA
1,10,2001,2006,NA
1,10,2001,2007,NA
1,10,2001,2008,NA
1,10,2001,2009,NA
1,10,2001,2010,NA
1,10,2001,2011,NA
1,10,2001,2012,NA
1,10,2002,1968,1
1,10,2002,1969,0
1,10,2002,1970,0
1,10,2002,1971,0
1,10,2002,1972,0
1,10,2002,1973,0
1,10,2002,1974,2
1,10,2002,1975,0
1,10,2002,1976,0
1,10,2002,1977,0
1,10,2002,1978,2
1,10,2002,1979,0
1,10,2002,1980,0
1,10,2002,1981,0
1,10,2002,1982,0
1,10,2002,1983,1
1,10,2002,1984,1
1,10,2002,1985,0
1,10,2002,1986,0
1,10,2002,1987,0
1,10,2002,1988,4
1,10,2002,1989,0
1,10,2002,1990,1
1,10,2002,1991,3
1,10,2002,1992,0
1,10,2002,1993,2
1,10,2002,1994,0
1,10,2002,1995,2
1,10,2002,1996,1
1,10,2002,1997,0
1,10,2002,1998,5
1,10,2002,1999,3
1,10,2002,2000,0
1,10,2002,2001,6
1,10,2002,2002,5
1,10,2002,2003,5
1,10,2002,2004,0
1,10,2002,2005,0
1,10,2002,2006,0
1,10,2002,2007,2
1,10,2002,2008,3
1,10,2002,2009,0
1,10,2002,2010,2
1,10,2002,2011,0
1,10,2002,2012,1
1,10,2003,1968,0
1,10,2003,1969,2
1,10,2003,1970,1
1,10,2003,1971,0
1,10,2003,1972,3
1,10,2003,1973,0
1,10,2003,1974,2
1,10,2003,1975,0
1,10,2003,1976,0
1,10,2003,1977,0
1,10,2003,1978,0
1,10,2003,1979,0
1,10,2003,1980,0
1,10,2003,1981,0
1,10,2003,1982,1
1,10,2003,1983,0
1,10,2003,1984,0
1,10,2003,1985,0
1,10,2003,1986,1
1,10,2003,1987,1
1,10,2003,1988,0
1,10,2003,1989,1
1,10,2003,1990,1
1,10,2003,1991,0
1,10,2003,1992,0
1,10,2003,1993,0
1,10,2003,1994,0
1,10,2003,1995,0
1,10,2003,1996,0
1,10,2003,1997,1
1,10,2003,1998,1
1,10,2003,1999,1
1,10,2003,2000,4
1,10,2003,2001,0
1,10,2003,2002,0
1,10,2003,2003,4
1,10,2003,2004,1
1,10,2003,2005,1
1,10,2003,2006,0
1,10,2003,2007,0
1,10,2003,2008,3
1,10,2003,2009,1
1,10,2003,2010,0
1,10,2003,2011,2
1,10,2003,2012,0
1,10,2004,1968,2
1,10,2004,1969,2
1,10,2004,1970,0
1,10,2004,1971,4
1,10,2004,1972,2
1,10,2004,1973,0
1,10,2004,1974,0
1,10,2004,1975,1
1,10,2004,1976,0
1,10,2004,1977,0
1,10,2004,1978,0
1,10,2004,1979,2
1,10,2004,1980,0
1,10,2004,1981,1
1,10,2004,1982,0
1,10,2004,1983,1
1,10,2004,1984,0
1,10,2004,1985,0
1,10,2004,1986,0
1,10,2004,1987,0
1,10,2004,1988,0
1,10,2004,1989,1
1,10,2004,1990,0
1,10,2004,1991,0
1,10,2004,1992,0
1,10,2004,1993,1
1,10,2004,1994,0
1,10,2004,1995,0
1,10,2004,1996,0
1,10,2004,1997,1
1,10,2004,1998,1
1,10,2004,1999,1
1,10,2004,2000,1
1,10,2004,2001,3
1,10,2004,2002,0
1,10,2004,2003,1
1,10,2004,2004,0
1,10,2004,2005,0
1,10,2004,2006,1
1,10,2004,2007,0
1,10,2004,2008,3
1,10,2004,2009,1
1,10,2004,2010,0
1,10,2004,2011,2
1,10,2004,2012,0
1,10,2005,1968,NA
1,10,2005,1969,NA
1,10,2005,1970,NA
1,10,2005,1971,NA
1,10,2005,1972,NA
1,10,2005,1973,NA
1,10,2005,1974,NA
1,10,2005,1975,NA
1,10,2005,1976,NA
1,10,2005,1977,NA
1,10,2005,1978,NA
1,10,2005,1979,NA
1,10,2005,1980,NA
1,10,2005,1981,NA
1,10,2005,1982,NA
1,10,2005,1983,NA
1,10,2005,1984,NA
1,10,2005,1985,NA
1,10,2005,1986,NA
1,10,2005,1987,NA
1,10,2005,1988,NA
1,10,2005,1989,NA
1,10,2005,1990,NA
1,10,2005,1991,NA
1,10,2005,1992,NA
1,10,2005,1993,NA
1,10,2005,1994,NA
1,10,2005,1995,NA
1,10,2005,1996,NA
1,10,2005,1997,NA
1,10,2005,1998,NA
1,10,2005,1999,NA
1,10,2005,2000,NA
1,10,2005,2001,NA
1,10,2005,2002,NA
1,10,2005,2003,NA
1,10,2005,2004,NA
1,10,2005,2005,NA
1,10,2005,2006,NA
1,10,2005,2007,NA
1,10,2005,2008,NA
1,10,2005,2009,NA
1,10,2005,2010,NA
1,10,2005,2011,NA
1,10,2005,2012,NA
1,10,2006,1968,NA
1,10,2006,1969,NA
1,10,2006,1970,NA
1,10,2006,1971,NA
1,10,2006,1972,NA
1,10,2006,1973,NA
1,10,2006,1974,NA
1,10,2006,1975,NA
1,10,2006,1976,NA
1,10,2006,1977,NA
1,10,2006,1978,NA
1,10,2006,1979,NA
1,10,2006,1980,NA
1,10,2006,1981,NA
1,10,2006,1982,NA
1,10,2006,1983,NA
1,10,2006,1984,NA
1,10,2006,1985,NA
1,10,2006,1986,NA
1,10,2006,1987,NA
1,10,2006,1988,NA
1,10,2006,1989,NA
1,10,2006,1990,NA
1,10,2006,1991,NA
1,10,2006,1992,NA
1,10,2006,1993,NA
1,10,2006,1994,NA
1,10,2006,1995,NA
1,10,2006,1996,NA
1,10,2006,1997,NA
1,10,2006,1998,NA
1,10,2006,1999,NA
1,10,2006,2000,NA
1,10,2006,2001,NA
1,10,2006,2002,NA
1,10,2006,2003,NA
1,10,2006,2004,NA
1,10,2006,2005,NA
1,10,2006,2006,NA
1,10,2006,2007,NA
1,10,2006,2008,NA
1,10,2006,2009,NA
1,10,2006,2010,NA
1,10,2006,2011,NA
1,10,2006,2012,NA
1,10,2007,1968,0
1,10,2007,1969,0
1,10,2007,1970,2
1,10,2007,1971,0
1,10,2007,1972,0
1,10,2007,1973,0
1,10,2007,1974,0
1,10,2007,1975,2
1,10,2007,1976,1
1,10,2007,1977,1
1,10,2007,1978,0
1,10,2007,1979,0
1,10,2007,1980,2
1,10,2007,1981,0
1,10,2007,1982,0
1,10,2007,1983,1
1,10,2007,1984,1
1,10,2007,1985,1
1,10,2007,1986,0
1,10,2007,1987,0
1,10,2007,1988,1
1,10,2007,1989,0
1,10,2007,1990,1
1,10,2007,1991,1
1,10,2007,1992,0
1,10,2007,1993,0
1,10,2007,1994,0
1,10,2007,1995,1
1,10,2007,1996,0
1,10,2007,1997,0
1,10,2007,1998,2
1,10,2007,1999,0
1,10,2007,2000,3
1,10,2007,2001,0
1,10,2007,2002,0
1,10,2007,2003,0
1,10,2007,2004,0
1,10,2007,2005,0
1,10,2007,2006,0
1,10,2007,2007,0
1,10,2007,2008,0
1,10,2007,2009,1
1,10,2007,2010,0
1,10,2007,2011,0
1,10,2007,2012,0
1,10,2008,1968,0
1,10,2008,1969,1
1,10,2008,1970,0
1,10,2008,1971,0
1,10,2008,1972,0
1,10,2008,1973,2
1,10,2008,1974,0
1,10,2008,1975,0
1,10,2008,1976,0
1,10,2008,1977,0
1,10,2008,1978,0
1,10,2008,1979,0
1,10,2008,1980,2
1,10,2008,1981,0
1,10,2008,1982,0
1,10,2008,1983,0
1,10,2008,1984,3
1,10,2008,1985,0
1,10,2008,1986,0
1,10,2008,1987,0
1,10,2008,1988,0
1,10,2008,1989,0
1,10,2008,1990,0
1,10,2008,1991,1
1,10,2008,1992,0
1,10,2008,1993,0
1,10,2008,1994,0
1,10,2008,1995,0
1,10,2008,1996,0
1,10,2008,1997,0
1,10,2008,1998,0
1,10,2008,1999,1
1,10,2008,2000,1
1,10,2008,2001,1
1,10,2008,2002,1
1,10,2008,2003,0
1,10,2008,2004,0
1,10,2008,2005,3
1,10,2008,2006,5
1,10,2008,2007,6
1,10,2008,2008,4
1,10,2008,2009,5
1,10,2008,2010,4
1,10,2008,2011,3
1,10,2008,2012,2
